input,actual_output,expected_output,context,source_file
수요압력 고국면에서 GDP갭률이 1%p 확대될 때 근원물가 상승률의 변화는 어떻게 되는가?,,"수요압력이 높은 시기에 GDP갭률이 1%p 확대될 때 근원물가 상승률은 약 **0.1~0.4%p 높아지는 것으로 추정**됩니다.

이는 두 가지 추정 방식의 결과를 종합한 것입니다:
- **간접 추정(경기민감물가 경로)**: 약 0.2~0.4%p
- **직접 추정(전체 근원물가)**: 약 0.1%p

참고로 수요압력이 낮은 시기에는 GDP갭률 확대에 따른 물가 반응이 통계적으로 유의하지 않았으며, 이는 수요압력에 따른 물가반응의 **비대칭성**을 보여줍니다.","14. 이러한 결과를 바탕으로 수요압력이 근원물가에 미치는 영향을 두 가지 방식으로
정량화하였다. 먼저 경기민감물가를 종속변수로 하는 필립스곡선을 추정하여 갭  GDP
률 변화가 경기민감품목의 가격상승률에 미치는 영향을 측정하였다 이어 경기민감                                                      .
품목이 전체 근원물가에서 차지하는 비중과 상승기여도를 고려하여 수요압력이 전                                                      ,
체 근원물가 상승률에 미치는 영향을 간접적으로 평가하였다 이와 함께 국소투영                                                  .
법      을 활용하여 수요충격이 근원물가에 미치는 동태적 효과를 추정하였다                                                                       .
국소투영법 분석에서는 경기민감물가를 중간 단계로 사용하지 않고 전체 근원물가를
  Local Projection
종속변수로 설정하여 수요충격이 근원물가에 미치는 직접적인 효과를 추정하였다
                                 ,                                                                           .
Ⅲ-2 수요측 물가압력이 근원물가에 미치는 영향
15. 경기민감물가를 활용하여 비대칭 필립스곡선을 추정한 결과, 수요압력이 높은 시
기에는 물가의 반응이 크게 확대되는 것으로 나타났다. 수요압력이 높은 시기에는
GDP갭률이   확대될 때 경기민감물가 상승률이
                   1%p          높아진 반면 전체기간                                    0.42%p                ,
대상으로는 그 효과가     에 그쳤다      경기민감물가가 근원물가에서 차
                                          0.11%p             .   15)
                                                                     [그림 13]
지하는 비중이     수준임을 감안하면 갭률 60~90%확대가 근원물가 상승률                         GDP        1%p
에 미치는 영향은 약       범위인 것으로 추정된다 반면 수요압력이 낮은 시
                                         0.2~0.4%p                                .
기에는 갭률 확대에 따른 경기민감물가 반응이 통계적으로 유의하지 않았다
          GDP                                                                                                     .
전체 근원물가를 대상으로 동일한 분석을 실시한 결과에서도 수요압력에 따른 물                                                  ,
가반응의 비대칭성이 확인 되었으나 그 정도는 경기민감물가에 비해 다소 약한    16)
    로 추정되었다
0.14%p         이는 수요압력의 영향이 크게 나타나는 경기민감품목
                                     [그림 14]
                                     .
뿐 아니라 상대적으로 경기 반응도가 낮은 품목까지 포함하여 근원물가 전체를 대
상으로 분석할 경우 수요압력에 대한 평균적인 물가 반응이 완화되기 때문인 것으
                             ,
로 판단된다 종합적으로 보면 경기민감물가를 통한 간접 추정은 약
                   .                       로                                                        0.2~0.4%p
추정되고 직접 추정은,    로 추정되어 갭률이      확대될 경우 근원물가
                                          0.1%p                     GDP          1%p
상승률이 약      높아질 수 있다   0.1~0.4%p                         .
16. 근원물가의 동태적 반응을 분석한 결과에서도, 수요압력이 높은 국면에서 물가 반
                        수요충격에 대한 근원물가의 동태적
응이 더 크고 오래 지속되는 것으로 나타났다.
반응을 상태의존적       국소투영모형 을 이용해 분석한 결과 동일한 수요충                        17)
                                                                                                ,
격이라도 수요압력 국면에서는 수요압력 국면에 비해 근원물가의 상승폭이 크
                            state-dependent
               高                                     低
고 그 영향도 더 오래 지속되었다 한단위    수요충격 이 발생할 경우 수요압          .            1표준편차
                                                                                      18)
                                                                                                         ,
15) 비대칭적 필립스곡선을 추정하는 방법은 <참고 5>를 참조하기 바란다.
16) 기조적 물가를 나타내는 지표로는 근원물가 이외에도, 관리제외 근원물가, 관리제외 경직물가, 가중중위수,
    Underlying Inflation Gauge(UIG), 조정평균 등 다양한 지표가 있다. 이들 지표의 평균 및 중위수를 활용해 동일한
    분석을 실시한 결과, 수요압력에 따른 물가반응의 비대칭성이 동일하게 확인되었다. 또한 개별 기조적 물가지표
    를 활용한 경우에도 비대칭성이 나타나, 분석 결과가 지표의 선택에 관계없이 강건한 것으로 판단된다.
17) 수요충격 식별과 동태적 물가반응 분석은 <참고 6>을 참조하기 바란다.
                                                                                                                 39|력이 높은 국면에서는 근원물가 상승폭이 점차 확대되어 분기 후 약   에 이른                     6               0.6%p
반면 수요압력이 낮은 국면에서는 분기 후 약
           ,                상승하는 데 그쳤다   3           0.2%p                            .
                                                                                          [그림 15]
수요압력이 경기민감물가와 근원물가에 미치는 영향은 비대칭적
                                                                [그림 15] 수요충격1)이 근원물가에
[그림 13] 수요압력의 경기민감물가 영향1) [그림 14] 수요압력의 근원물가 영향1)
                                                                        미치는 누적 영향2)
 주: 1) 세로 막대선은 90% 신뢰구간을 의미 주: 1) 세로 막대선은 90% 신뢰구간을 의미          주: 1) 부호제약 BVAR로 식별한 한단위
자료: 저자 추정                  자료: 저자 추정                                  수요충격
                                                                   2) 음영은 68% 신뢰구간을 의미
                                                               자료: 저자 추정
Ⅲ-3 GDI 개선이 근원물가에 미치는 영향
17. 교역조건 개선을 통한 GDI 기반 수요충격은 GDP 기반 충격보다 근원물가에 더
큰 상승압력으로 작용하는 것으로 나타났다.교역조건 변화가 실질소득과 구매력 증
대를 통해 수요에 영향을 미치는 소득경로만을 고려 하여 상태의존적 국소투영모               19)
형 으로 분석한 결과 수요압력이 높은 국면에서 기반 수요충격 한단위
     20)
                             ,                         GDI
는 근원물가 상승률을 최대 약    높이는 것으로 분석되었다     이는 교역
                                                                                            1표준편차
                                                                            [그림 16]
                                       0.7%p                            .
조건 개선이 생산활동뿐 아니라 실질소득 과 구매력 증가를 통해 소비를 확대함으
로써 갭만으로는 충분히 포착되지 않는 추가적인 수요압력을 발생시킬 수 있
                                               GDI
           ,   GDP
음을 시사한다              .
18. 교역조건 개선의 요인별 영향을 수출가격 상승과 수입가격 하락으로 구분해 보면,
수입가격 하락보다 수출가격 상승에 따른 소득 증대가 근원물가에 더 큰 상승압력으
로 작용하였다.수출가격 상승에 따른 교역조건 개선 충격은 수입가격 하락에 따른
충격에 비해 근원물가에 미치는 영향이 전체기간에 걸쳐 더 크게 나타났으며 통계
적으로도 유의하였다     이는 수출가격 상승이 교역조건 개선을 주도한 시기에
                         .
                             [그림 17]
수입가격 하락이 이를 주도한 시기보다 소비가 유의하게 증가하였다는 이종웅 외
18) 모형에서 추정된 한단위 수요충격의 1표준편차 크기는 약 1.0~1.1로 정규화된 구조충격 한단위에 해당된다.
19) 일반적으로 교역조건 개선은 소득 증가를 통해 수요압력을 높여 물가의 상방요인으로 작용할 수 있으나, 환율·비
    용 경로 등을 통해 물가의 하방압력으로도 작용하는 등 물가영향은 상·하방요인이 혼재하고 있다. 다만 금번 교
    역조건 개선기는 수출가격 상승에 의해 주도되고 있어 높은 환율 수준, 큰 폭의 소득 증가 등을 고려할 때 소득
    경로가 중요하게 작용할 가능성이 높다(이종웅 외, 2026 참조).
20) GDI 및 교역조건 관련 수요충격의 동태적 물가반응 분석은 <참고 7>을 참조하기 바란다.
40",
"IT 부문의 명목임금 증가가 건설 등 비IT 부문보다 가속화될 경우, 이러한 부문 간 임금 격차가 전체 경제 불평등과 소비 패턴에 어떤 영향을 미칠 것으로 전망되는가?",,"# 답변

보고서에서는 **IT 부문 중심의 명목임금 오름세 확대**와 **건설업 등 비IT 부문의 회복 지연**을 언급하고 있습니다. 

다만, 보고서 본문에는 부문 간 임금 격차가 **전체 경제 불평등과 소비 패턴에 미치는 구체적인 영향**에 대한 직접적인 분석이나 수치가 제시되어 있지 않습니다. 

보고서는 **2025년 민간소비 1.5% 성장, 2026년 2.1% 성장** 전망만 제시하고 있으며, 이는 부문별 임금 격차의 영향을 구분하여 분석한 것이 아닙니다.","§ 명목임금 은 부문을 중심으로 오름세가 확대되겠으나 건설업 등 일부 비
                             IT                                                                                   ,                    IT
   부문에서는 회복이 지연될 것으로 예상된다                                                             .
 § 시장금리  는 국내경제 성장세 확대 미 국채금리 및 국제유가 움직임 등에                                      ,
   영향받으며 등락하였다 원/달러 환율은 외환수급 여건이 개선되고 미 달러화가
                       회사채
                                              .
   약세를 보이면서 큰 폭 하락하였다 주택가격은 수도권을 중심으로 오름세가 지속                         .
   되었다             .
  <지정학적 리스크와 유가>                                          <글로벌 반도체 경기>                                      <주가 변동성과 경제심리>
       (장기평균 = 100)                (달러/배럴)               (십억달러)                                (달러)
400                                          120 210                                                  70
             지정학적 리스크 지수(좌축)                                   글로벌 반도체 매출(좌축)
350          브렌트유(우축)                        110 180                                                  60
                                                               DDR5 16Gb 가격(우축)
300                                          100 150           NAND 128Gb 가격(우축)                      50
250                                          90 120                                                   40
200                                          80    90                                                 30
150                                          70    60                                                 20
100                                          60    30                                                 10
 50                                          50     0                                                 0
       1
      25.1   4     7    10   126.1 4    7               25.1
                                                         1       4    7     10       126.1 4     7
자료: Caldara et al.(2021), Bloomberg 자료: WSTS, DRAMeXchange                                                  주: 검은 점선은 08.7월∼25.12월 기준
                                                                                                               추세선
                                                                                                           자료: 한국은행, 한국거래소
                                                                <대외여건 전제 1)>
                              2025                                   2026                                             2027e)
             (%)
                                             상반 2)                   하반 e)             연간 e)               상반          하반      연간
                                  3.5         3.0                     3.0               3.0                3.1         3.2      3.2
세계경제3)
                                                                                       [2.9]                                   [3.1]
                                  2.1             2.4                 1.9               2.2                 2.3        2.0      2.1
 • 미 국
                                                                                       [2.1]                                   [2.0]
                                  1.2             0.7                 0.9               0.8                 1.1        1.2      1.2
 • 유 로
                                                                                       [0.8]                                   [1.2]
                                  5.0             4.7                 4.5               4.5                 4.3        4.4      4.3
 • 중 국
                                                                                       [4.6]                                   [4.3]
                                  5.0             4.9                 3.4               4.2                 3.7        4.3      4.0
세계교역3)
                                                                                       [2.8]                                   [3.2]
                                  68              88                  84                86                  76         72       74
국제유가4)
                                                                                       [93]                                    [80]
 주: 1) [ ]내는 26.5월 전망치     2) 세계경제, 세계교역은 전망치
    3) 전년동기대비              4) 브렌트유 기준, $/배럴, 기간 평균 기준
자료: 각국 통계청, Bloomberg, 조사국
                                                                     < 요약 2 / 9 >|6
    경제전망
▢ 금년 국내경제는 중동상황의 불확실성 지속에도 불구하고 반도체 경기 호황과 그에
    따른 파급효과의 확산으로 3.3%5월 전망대비 +0.7%p의 높은 성장세를 나타낼 전망이다.
          에는 중동전쟁으로 인한 공급충격이 정부정책 등으로 상당 부분 완충된
    § 2/4분기
      데다 수출이 호조를 지속하고 소비도 추경 등으로 개선 모멘텀이 이어지면서
      전기대비            성장하였다
            ,
               전년동기대비   0.6% (         3.7%)                    .
    § 하반기 중에도    부문 중심의 수출 투자 호조세가 지속되고 소비는 양호한             ·
      회복세를 이어갈 것으로 판단된다 또한 중동 에너지 공급망 차질이 점차 완화
                             IT
                                                                    發
      되면서 비 부문의 부진도 완화될 것으로 보인다 분기별로는 3/4분기중 그간의
                                                   .
      높은 성장에 따른 기저효과 등으로 소폭 둔화된       성장하겠으나 4/4분기
                    IT                                                   .
      에는      의 양호한 성장세를 나타낼 것으로 예상된다
                                                                         0.3%(2.6%)           ,
                0.5%(3.3%)                                                            .
    § 내년에는 반도체 경기 확장세가 지속되는 가운데 여타 부문으로의 파급효과도 본격화
      됨에 따라 내수와 수출 모두 견조한 흐름을 보이며 연간
                    ,                    성장할 전망이다                                 2.9%              .
▢ 올해 GDP 성장률이 0.7%p 상향조정된 데에는 실적치 수정+0.2%p, 반도체 경기 호조+0.35%p,
    3대 메가프로젝트 등 투자 가속화 +0.1%p, 예상보다 작은 중동영향 +0.1%p 등이 상방요인
    으로 작용하였다.
      <26년 성장전망 조정 (요인별Main Driver)>                                <26년 성장전망 조정 (지출부문별)>
주: 1) 반도체 수출 물량·가격 예상 상회, AI연관 품목 수출 확대                             2) 25년 및 26.1/4분기 잠정치 상향 수정
   3) 증시 조정, 시장금리 상승 등                                              4) 지식재산생산물투자, 재고증감 등
                  <국내 성장률 전망1)>                                          <국내 GDP 전망경로>
                                       e)              e)
          (%)              2025   2026         2027
                                    3.3          2.9
    GDP                     1.1
                                   [2.6]        [2.1]
                                    2.1          2.3
    • 민간소비                  1.5
                                   [2.0]        [2.1]
                                    9.7          4.6
    • 재화수출                  3.3
                                   [4.9]        [3.3]
                                    0.2          1.9
    • 건설투자                 -9.7
                                   [0.6]        [1.5]
                                    6.8          4.7
    • 설비투자                  1.5
                                   [4.4]        [2.7]
    주: 1) [ ]는 26.5월 전망치                                                                  자료: 조사국
                                                  < 요약 3 / 9 >",
"만약 동조성 지수가 급격히 상승하면서 물가상승률이 임계점을 넘어간다면, 거시경제 전망에 어떤 신호를 시사하는가?",,"# 답변

동조성 지수가 급격히 상승하면서 물가상승률이 임계점을 넘어가는 것은 **근원물가의 광범위한 상승**을 시사합니다.

BIS(2022) 연구에 따르면, 물가상승률이 올라갈 때 동조성 지수가 함께 올라가며, **특정 물가상승률 수준(임계점)을 넘어가면 동조성 지수가 더 크게 확대되는 경향**이 나타났습니다. 

이는 개별 품목들의 가격상승률이 중윗값과 유사한 방향과 폭으로 변동하고 있다는 의미로, 특정 품목에 국한된 가격 상승이 아니라 **전반적인 물가 상승이 광범위하게 진행 중**임을 나타냅니다. 따라서 이러한 신호는 인플레이션이 구조화되고 있으며, 통화정책의 긴축 필요성이 높아지고 있음을 시사합니다.","참고 3        근원물가 품목 간 동조성 지수 측정방법
□ 동조성 지수(similarity index)는 개별 품목들의 물가상승률(전년동월비)이 얼마나 ‘유사하
  게’ 또는 ‘함께’ 움직이는지를 나타내는 지표이다. BIS(2022)에서는 물가상승률이 올라갈
  때 동조성 지수가 같이 올라가며, 특정 물가상승률 수준(임계점)을 넘어가면 동조성 지수
  가 더 크게 확대되는 경향이 나타났다.
□ 동조성 지수는 다음과 같은 식으로 계산된다.
             
               
                                
       ,                            동조성 지수    
        
               
                             
    단,  는 기의 품목의 전년동월비 상승률,
            는 기 품목들의 전년동월비 중윗값(median)
 ㅇ 위 산식에 따르면 동조성 지수는 개별 품목의 가격상승률이 중윗값과 유사한 방향과 폭
   으로 변동할수록 높아진다*.
   * (예시) 품목이 3개만 존재하는 경우, 3개의 품목이 동일하게 2%씩 증가하는 경우에는 중윗값
    이 2%이고, 동조성 지수는 1로 계산된다. 이 경우 모든 품목의 가격변동이 동조화되어 동일하
    게 다 같이 오른다고 볼 수 있다.
       3개의 품목이 각각 5%, 2%, -1%씩 증가하는 경우에는 중윗값은 2%로 첫 번째와 동일하지만,
    동조성 지수가 0.25로 계산되어 개별 품목들의 동조성이 크게 약화된 것으로 나타난다.
                                                             45|참고 4         경기민감물가 추정방법
 □ Fröhling and Lommatzsch(2011), Ehrmann et al.(2018) 등 선행연구를 바탕으로 관리제외
      근원물가 구성품목 중 경기변수 포함 시 해당 품목 예측의 정확도가 높아지는 품목을 경
      기민감품목으로 식별하고, 동 품목들의 물가지수를 가중평균하였다.
     (1단계) 품목별로 벤치마크 필립스곡선(경기변수 미포함)과 15개 비교예측모형(GDP갭률
           1~4기 시차변수의 조합 기준)을 추정하였다.
      <벤치마크>
                     
     단, =j품목 CPI상승률,
          =원/달러환율 상승률,
          =에너지제외 수입물가 상승률
      <비교모형: 15개 (∈ …  )>
           
                      
                                     ∈ 
                                             
                                                
                                                          
                                                (  ⊆ )
     (2단계) 품목별로 벤치마크 모형과 비교모형의 향후 4개 분기에 대한 ARMSFE* (Average
           of Root Mean Squared Forecast Error)를 계산하였다.
               * 각 모형의 1~4분기 후 예측에 대한 4개 RMSFE 값을 평균
     (3단계) 15개 비교모델 중 하나라도 벤치마크 모델보다 높은 예측력(낮은 ARMSFE)을 나타낼
           경우 경기민감품목으로 분류하였다.
     (4단계) 매 분기 구성품목과 가중치를 사용하여 경기민감물가지수를 계산하였다.
46",
팬데믹 이후 개인서비스와 경기민감물가의 근원물가 기여도 비교는?,,"# 팬데믹 이후 개인서비스와 경기민감물가의 근원물가 기여도

팬데믹 이후 **개인서비스(여행·숙박·음식)**가 근원물가 상승을 주도하고 있습니다. 

보고서에 따르면, 수요주도 高근원물가기에는 ""여행·숙박·음식 등 경기상황에 민감하고 동조성이 높은 개인서비스가 근원물가 상승을 주도하고 있어 과거에 비해 물가상승이 광범위하게 확산될 가능성""이 있다고 명시되어 있습니다.

한편, **경기민감물가**는 분석 도구로서의 역할을 합니다. 경기민감물가는 전체 근원물가보다 **GDP갭률과 더 밀접한 관계**를 보이며, 특히 수요압력이 높은 국면에서는 두 변수 간의 양(+)의 관계가 전체 기간 대비 더욱 강화되는 것으로 확인되었습니다. 이는 경기민감물가가 수요압력에 따른 물가 움직임을 보다 명확하게 포착할 수 있음을 의미합니다.","팬데믹 이후에는 여행·숙박·음식 등 개인서비스가 근원물가 상승을 주도
                        [그림 10] 지출목적별 근원물가 상승률 히트맵 1)
 주: 1) 01.1월~26.7월중 평균 및 표준편차로 표준화, 빨간색이 진할수록 상승률이 높으며, 파란색이 진할수록 상승률이 낮음
    2) 숙박서비스, 단체여행, 3) 가정용 기기, 운송장비, 전화 및 팩스장비, 음향, 영상, 사진 및 정보처리장비
자료: 국가데이터처, 저자 시산
11. 종합하면, 수요주도 高근원물가기에는 가계의 소비여력 확충에 따른 소비 호조와
함께 비용상승분의 가격 전가가 확대되고, 가격 인상이 보다 광범위한 품목으로 확산
되는 특징이 나타났다. 최근에는 여행 숙박 음식 등 경기상황에 민감하고 동조성이
                                     ·     ·
높은 개인서비스가 근원물가 상승을 주도하고 있어 과거에 비해 물가상승이 광범위           ,
하게 확산될 가능성이 있다             .
Ⅲ. 수요주도 물가압력이 근원물가에 미치는 영향
Ⅲ-1 추정방법
12. 수요주도 물가압력이 근원물가에 미치는 영향은 GDP갭률과 물가상승률 간의 관계
를 나타내는 필립스곡선을 이용하여 추정하였다.다만 전체 근원물가는 시기별로 가
격상승을 주도하는 품목의 구성이 달라질 수 있어 단순히 갭률과의 관계를 살                           GDP
펴보는 것만으로는 수요압력의 영향을 식별하는 데 한계가 있다 이에 본고에서는                                 .
경기변동에 민감하게 반응하는 경기민감물가 를 산출하고 이를 통해 수요압력과
                               ‘               13)’                  ,
물가 간의 관계를 보다 명확하게 살펴보았다                        .14)
13. 경기민감물가는 경기상황의 변화가 가격에 상대적으로 뚜렷하게 반영되는 품목으
로 구성되며 수요압력이 물가에 미치는 영향을 보다 직접적으로 포착할 수 있다.                                        본고
에서는   Fröhling   and   Lommatzsch(2011),   Ehrmann        et   al.(2018)   등의 방법론을 참고
13) 경기민감물가 추정방법은 <참고 4>를 참조하기 바란다.
14) GDP갭률과 근원물가의 관계도 직접적인 추정으로써 분석의 강건성을 점검하였다.
                                                                                    37|하여 경기민감물가를 산출하였다 구체적으로 관리제외 근원물가 구성품목 가운데
                                     .
경기변수를 모형에 포함할 경우 해당 품목의 물가 예측력이 유의하게 개선되는 품
목을 경기민감품목으로 식별하고 이들 품목의 물가지수를 가중평균하여 경기민
                                     [표 2]
                                         ,
감물가를 구성하였다 이러한 방식은 시기별 근원물가 상승품목 구성 변화의 영향
                     .
을 줄이는 한편 경기변동에 따른 수요압력에 민감하게 반응하는 가격 움직임을 선
                 ,
별해 볼 수 있다는 장점이 있다 실제로 경기민감물가는 전체 근원물가보다 갭
                                 .                                                             GDP
률과 더 밀접한 관계를 보였다     경기민감물가와 갭률 간 상관관계는 근원
                             .
                                 [그림 11]
                                                                GDP
물가와 갭률 간 상관관계보다 높게 나타났으며 특히 수요압력이 높은 국면에서는
         GDP                                             ,
두 변수 간 양 의 관계가 전체 기간에 비해 더욱 강화되는 모습이 확인되었다
               (+)                                                                             .
                                                                                                [그림 12]
GDP갭률과의 상관관계는 경기민감물가가 근원물가를 상회
  [그림 11] 경기민감물가 및 근원물가 상승률 1)2)                             [표 2] 주요 경기민감품목 1)2)
                                                                                             기타
                                                  외식         외식제외      내구재       섬유제품
                                                                                            공업제품
                                                9개, [50.3] 34개, [95.6]18개, [25.5] 5개, [9.8] 28개, [29.0]
                                                 구내식당  공동주택
                                                            휴대전화기                  티셔츠      주택수선재료
                                                  식사비  관리비
                                                  생선회  학원비    침대                    침구      반려동물용품
                                                  커피  운동학원비  싱크대                   원피스        가방
                                                 쇠고기 승용차임차료 보일러                              세탁세제
                                                      호텔숙박료   장롱                             레저용품
 주: 1) 음영은 수요주도 高근원물가기                          주: 1) 10년 이상 경기민감품목으로 분류된 품목
    2) GDP갭률은 HP필터로 추출                             2) [ ]는 천분비 가중치
자료: 한국은행, 국가데이터처, 저자 추정                        자료: 한국은행, 국가데이터처, 저자 추정
 수요압력이 높은 시기에는 경기민감물가와 GDP갭률의 상관관계가 전체기간을 상회
                           [그림 12] GDP갭률 1)과 물가상승률
               <근원물가 2)>                     <경기민감물가>                      <경기비민감물가>
     전
     기
     간
     高
     수
     요
     압
     력
     국
     면
 주: 1) GDP갭률은 HP필터로 추출, 2) 관리제외 근원물가
자료: 저자 추정
38",
"GDI 갭, GDP 갭, 교역조건 갭으로부터의 수요 충격이 핵심 인플레이션 동학에 어떻게 차별적으로 영향을 미치는가?",,"# 답변

본 분석은 베이지안 VAR(BVAR) 모형과 국소투영법을 활용하여 GDI 갭, GDP 갭, 교역조건 갭으로부터의 수요충격이 근원물가에 미치는 동태적 영향을 추정하였습니다.

**분석 방법:**
- 1단계에서 부호제약 방식으로 BVAR(4) 모형을 식별하여 각 갭별 수요충격을 추출(2001.1/4분기~2026.1/4분기)
- 2단계에서 Jordà(2005)의 국소투영법으로 식별된 충격이 근원물가상승률에 미치는 동태적 영향을 추정
- 수요압력 수준(고/저)에 따른 비대칭성도 함께 분석

**핵심 특징:**
각 수요충격은 해당 갭, 근원물가상승률, 콜금리가 모두 상승하는 방향으로 식별되었으며, 유가 및 환율 갭을 통제변수로 활용하여 차별적 영향을 분석하였습니다. 이를 통해 GDI, GDP, 교역조건 등 서로 다른 수요 요인이 근원물가에 미치는 구체적인 파급 경로와 크기의 차이를 파악할 수 있습니다.","참고 7    GDI 및 교역조건 관련 수요충격의 동태적 물가반응 분석
□ <참고 6>의 모형과 유사하게 1단계로 베이지안 VAR(BVAR) 모형을 부호제약 방식으로
  식별하여 GDI, GDP, 교역조건, 수출/수입가격 관련 수요충격을 추출하고, 2단계로 국소투
  영법을 활용하여 식별된 충격이 근원물가에 미치는 동태적 영향을 추정하였다.
                         
 ㅇ (1단계)  관련 수요충격( 
                            )은 [   , 근원물가상승률(전기비연율), 콜금리]의 3
    변수 BVAR(4)을 추정하여 식별하는데, 는 GDI갭, GDP갭, 교역조건갭, 수출가격갭, 수
    입가격갭*으로 구성되고, 이에 대한 각각의 수요충격을 추출하였다. 예를 들어 GDI 기
    반 수요충격은 [  갭 , 근원물가상승률, 콜금리]에서 추출하였다.
   * 수입가격 하락인 경우를 고려하여 부호를 반대로 바꾸어 분석하였고, 모든 갭은 HP필터로 추정
   ￭   , 근원물가상승률, 콜금리가 모두 상승하는 방향의 충격이 추출되도록 부호제약을
       설정하였고, 추정기간은 2001.1/4분기~2026.1/4분기이다.
 ㅇ (2단계) Jordà(2005)의 국소투영법(Local Projection)을 활용하여 아래와 같은 회귀식을
    추정하였다.
                                                         
                                           
                                     
                                      ′ 
                                                        
                                                                      ,
                                 
                             
                                     
                                             ,       콜금리 유가 환율 ′
   ￭  는 통제변수인데, 유가 및 환율도 HP필터를 통해 갭을 구하여 통제변수로 활용하였다.
 ㅇ (비대칭성) 수요압력이 높은 상황과 낮은 상황의 차이에 따른 물가 반응의 비대칭성을
    살펴보기 위해 아래와 같은 회귀식을 추정하였다.
                                                                              
                                                         
           
                                       
                                                                    ′ 
                                                                             
                                                                                              
   ￭ 수요압력 국면을 나타내는  는 4분기 이동평균 GDP갭이 0보다 큰 시기에 대해 1로,
       그 국면이 아닌 시기를 0으로 두었고,      로 정의하였다. 표준오차는
       Newey-West HAC 표준오차를 사용하였다.
                                                                                                            49|참고문헌
이종웅 김다애 한진수
         ,     이번 교역조건 개선은 왜 다른가 반도체 경기 호조의 실물경
                         ,               (2026),     “                                                       :
  제 파급영향    이슈노트 제   호        ”, BOK                      ,     2026-16        .
Ahn,     J.,   C.    Park,        and    C.   Park       (2017),    ""Pass-Through        of   Imported             Input     Prices      to    Domestic
        Producer         Prices:        Evidence         from     Sector-Level       Data,""    The      B.E.       Journal    of   Macroeconomics,
        17(2), 1-14.
Banbura, M., D. Giannone, and L. Reichlin (2010), “Large Bayesian Vector Auto Regressions,”
        Journal of Applied Econometrics, 25, 71-92.
BIS (2022), “Inflation: A Look under the Hood,” BIS Annual Economic Report, 41-73.
de Soyres, F., A. Pradhan, and Z. Saijid (2026), ""Is the Inflation Process in Advanced Economi
        es Different After the Pandemic?,"" FEDS Notes, Board of Governors of the Federal Reserve S
        ystem.
Ehrmann,           M.,       G.   Ferrucci,     M.        Lenza,        and    D.    O’Brien    (2018),           ""Measures        of     Underlying
        Inflation for the Euro Area,"" ECB Economic Bulletin, 4, 94                                  –   115.
Fröhling,         A.,   and       K.   Lommatzsch             (2011),   ""Output       Sensitivity       of       Inflation   in    the    Euro       Area:
        Indirect        Evidence        from    Disaggregated              Consumer      Prices,""       Deutsche Bundesbank Discussion
        Paper, Series 1: Economic Studies, 25/2011.
Galí,    J.,      and    M.       Gertler     (1999),         ""Inflation   Dynamics:       A    Structural            Econometric             Analysis,""
        Journal of Monetary Economics, 44(2), 195                          –  222.
Hansen, B. (2000), “Sample Splitting and Threshold Estimation,” Econometrica, 68(3), 575-603.
Jordà,       Ò.     (2005),       ""Estimation        and        Inference      of    Impulse    Responses             by     Local       Projections,""
        American Economic Review, 95(1), 161                        –   182.
Pesaran,          H.,    and       Y.    Shin      (1998),         “Generalized        Impulse       Response              Analysis           in    Linear
        Multivariate Models,” Economics Letters, 58, 17-29.
Woodford,           M.       (2003),    “Interest        and     Prices:    Foundations        of   a    Theory         of    Monetary             Policy,”
        Princeton University Press.
50",
근원물가 2.5% 임계치 초과 시 품목 간 동조성 강화 메커니즘과 광범위한 물가확산의 연관성은?,,"# 근원물가 2.5% 임계치 초과 시 품목 간 동조성과 물가확산의 연관성

근원물가 상승률이 **2.5% 근방을 상회하면 물가의 품목 간 동조성이 급격히 상승**하며, 이는 광범위한 물가확산으로 이어집니다.

## 메커니즘

**수요측 압력 국면에서의 가격조정 확산:**
- 근원물가 상승률이 2% 대 중후반을 넘어서면 기업들이 상대적으로 용이하게 가격을 인상할 수 있게 되어, 개별 품목들의 가격 움직임에서 **동조성이 심화**됩니다.

**비선형적 임계효과:**
- 통계적 검정 결과, 근원물가 상승률이 **2.5~2.8% 구간**에서 품목 간 동조성이 유의하게 높아집니다.
- 특히 개인서비스 품목에서 이 특징이 더욱 뚜렷하며, 2.5%를 상회하는 국면에서는 **다른 품목과 동조하지 않고 개별적으로 움직이는 근원물가 품목이 거의 존재하지 않습니다.**

## 광범위한 물가확산과의 연관성

근원물가 상승률이 임계수준을 초과하면 **물가상승이 개별 품목에 국한되지 않고 보다 광범위하게 확산되는 경향이 강화**되어, 다양한 물가확산지수도 높은 수준을 보입니다.","8. (특징 ) 수요측 압력을 바탕으로 가격조정이 보다 광범위한 품목으로 확산되는 경향
이 나타났다.일반적으로 수요압력 국면에서는 기업들이 상대적으로 용이하게 가격
                              高
을 인상할 수 있으며 이에 따라 물가상승도 일부 품목에 국한되지 않고 다양한 품목
                         ,
으로 확산되는 경향을 보인다 실제 과거 우리나라의 물가상승률을 대상으로 다양한
                                  .
방식 의 물가확산지수를 시산한 결과 수요주도 근원물가기에 대체로 높은 수준을
   8)
                                            ,          高
보였다     [그림 7]
        .
 수요주도 高근원물가기에 물가확산지수들이 높아지는 경향
                              [그림 7] 다양한 근원물가 확산지수 추이 1)
 주: 1) 비교를 위해 지수들을 표준화
자료: 저자 시산
9. 이는 高근원물가기에 진입하면, 즉, 근원물가 상승률이 2%대 중반 수준을 넘어서면
개별품목들의 가격 움직임에서 동조성이 심화되기 때문이다.  과거 우리나라 근원물가
자료를 이용하여 개별 구성품목 간 가격 움직임의 동조성 을 살펴본 결과 근원물가                    9)
                                                                            ,
상승률이 대 초중반에서 동조성이 한 차례 높아진 데 이어
            1%                       내외에서 다시 크                       2.5%
게 강화되는 모습 이 나타났다 특히 개인서비스 품목에서는 이러한 특징이 더
                     [그림 8]           10)
                                            .
욱 뚜렷하였다 즉 근원물가 상승률이
                 .   ,  내외를 넘어서면 개인서비스 품목 간 가   2.5%
격 동조성이 가파르게 높아지는 모습이 관찰되었다    주목할 점은 [그림 8,9]의 붉       [그림 9]
                                                       .
은 음영부분에서 관측치가 거의 나타나지 않는다는 것이다 이는 근원물가 상승률이                      .
   를 상회하는 국면에서는 다른 품목과 동조하지 않고 개별적으로 움직이는 근원물
2.5%
가 품목은 거의 존재하지 않음을 시사한다 이러한 비선형적 관계는 임계수준에 대한      .
통계적 검정을 통해서도 확인되었다 근원물가 상승률을 기준으로 앞서 시산했던 동조
                                      .
8) 다양한 물가확산지수 측정방법에 대한 자세한 설명은 <참고 2>를 참조하기 바란다.
9) 동조성 지수 산출에 사용한 기준 물가는 공식 근원물가가 아닌 근원물가 품목별 상승률의 중윗값(median)이다. 이
   는 BIS(2022)에서도 동일하게 활용하는 방법이다. 또한 공식 근원물가는 기준연도 개편 및 품목 분류 변경 등으로
   시계열의 연속성에 제약이 있어, 산포도 비교(그림8, 9의 x축)에는 품목들의 가중평균을 활용하였다. 실제 공식 근
   원물가 상승률과 품목들의 가중평균 간 상관계수는 0.84로 매우 높은 편으로 나타났다. x축을 공식적인 근원물가
   상승률과 개인서비스 물가 상승률로 각각 설정해도 전반적인 추이는 유사하게 나타나 강건한 결과로 판단된다. 동
   조성 지수(similarity index)에 대한 자세한 설명은 <참고 3>을 참조하기 바란다.
10) 高근원물가기에 품목 간 동조성이 심화되는 현상은 수요측 압력뿐 아니라 공급측 압력으로 물가가 높아지는 시
    기에도 나타날 수 있다는 점에 유의할 필요가 있다.
                                                                                35|성 지수 변화를 추정한 결과 근원물가 상승률이 대 중후반을 넘어서면 품목 간 동
                                 ,                     2%
조성이 유의하게 높아지는 것으로 나타났다 이는 근원물가 상승률이 일정 수준을 넘   .11)
어서는 경우 물가상승이 개별 품목에 국한되지 않고 보다 광범위하게 확산되는 경향이
강화될 수 있음을 의미한다               .
근원물가 상승률이 2.5% 근방을 상회하면 물가의 품목 간 동조성이 급격히 상승
[그림 8] 근원물가와 전체 근원물가 구성 품목 간 동조성1)2) [그림 9] 근원물가와 개인서비스 품목 간 동조성1)2)
 주: 1) 커널회귀 잔차 기반으로 표준화한 뒤, 그 값이 1.8이상(10개 내외 제외)은 이상치로 판별하여 제외
    2) 붉은 원은 추세선의 기울기가 바뀌는 지점
    3) ‘추세선 1’은 커널회귀를 통해 산출, 4) ‘추세선 2’는 추세선 1에서 볼록성 제약을 추가
자료: 저자 추정
10. (특징 ) 근원물가 상승을 주도하는 품목의 경우, 팬데믹 회복기 ④기 이후에는 이전
과 달리 경기상황에 민감한 개인서비스의 비중이 크게 확대되었다.글로벌 금융위기
이전에는 집세와 교육서비스 등 정부정책이나 제도적 요인의 영향을 상대적으로 크
게 받는 품목들이 근원물가 상승을 주도한 반면 이후에는 여행 숙박 음식 서비스                 ,                 ·   ·
등 개인서비스의 기여도가 높아지는 모습을 보였다    구체적으로 카드사태 이전             .
                                                            [그림 10]
에는 사교육 시장 급성장 및 대학 등록금 상승 주택시장 호황 등의 영향으로 교
                                                                                               ①기
                                                      12)
                                                        ,
육비와 집세가 크게 올랐다 글로벌 금융위기 직전 에는 경기 확장에 따른 소득여
                                 .
건 개선이 사교육을 중심으로 한 교육비 지출 증가로 이어지면서 교육서비스가 근
                                                                ②기
원물가 상승에 크게 기여하였다 금융위기 회복기 에는 전세가격 상승이 근원물가
                                     .
에 주된 영향을 미친 가운데 음식 등 일부 개인서비스의 기여도도 확대되었다 반
                                                            ③기
                                                                                           .
면 팬데믹 회복기 에는 팬데믹 충격 이후 소비 회복이 보다 광범위하게 나타났다                                                        .
초기에는 전자기기 등 일부 내구재를 중심으로 펜트업 소비가 나타나면서 관련 품
                   ④기
목의 가격이 큰 폭으로 상승하였으며 이후 사회적 거리두기가 해제되면서 여행 숙
                                          ,                                                    ·
박 음식 서비스 등 개인서비스에 대한 수요도 빠르게 확대되었다 이에 따라 근원물
     ·                                                                    .
가 상승세가 재화에서 서비스로 확산되는 모습이 나타났다                                        .
11) 회귀식          max      ( : 동조성 지수,  :근원물가 상승률, :임계치)에서 임계치를 2.5%로
    설정하여   값의 유의성을 검정한 결과 1% 수준에서 통계적으로 유의하게 나타났다. 또한 Hansen(2000) 방법론
    에 따라 임계치를 사전에 설정하지 않고 Grid search를 통해 추정한 결과 2.8%에서 F값이 가장 높게 나타나 임
    계수준은 대체로 2.5~2.8% 구간에 위치하는 것으로 분석되었다.
12) 사교육비 규모가 11조원(2001년)에서 13.6조원(2003년)으로 22.8% 상승하였고(한국교육개발원), 대학등록금 상승
    률은 2002년 7%로 장기평균 2.4%(2001~2025년 평균)를 크게 상회하였다.
36",
2000년 이후 수요 주도형 고(高)코어인플레이션 4개 시기의 GDP 갭률과 코어인플레이션 동학이 어떻게 다른가?,,"# 2000년 이후 수요주도 高근원물가기의 GDP 갭률과 근원물가 동학

2000년 이후 수요주도 高근원물가기는 **네 차례** 발생했으며, 각 시기별 특징은 다음과 같습니다:

## 4개 시기의 구분
- **①기**: 02.1/4~02.4/4분기 (카드사태 이전)
- **②기**: 07.2/4~08.3/4분기 (글로벌 금융위기 직전)
- **③기**: 11.2/4~11.4/4분기 (금융위기 회복기)
- **④기**: 22.1/4~24.1/4분기 (팬데믹 충격 회복기)

## GDP 갭률과 근원물가의 관계

수요주도 高근원물가기는 **GDP 갭률이 양(+)의 값을 유지하면서 근원물가 상승률이 2분기 이상 2.5%를 지속적으로 상회**하는 시기로 정의됩니다. 다만 **④기의 경우 공급망 차질과 에너지 가격 급등의 영향을 받았으나, 팬데믹 이후 강한 펜트업 수요 발생**으로 인해 일부 마이너스 갭률 구간도 포함됩니다.

## 주요 동학적 차이

각 시기 모두 **임금 및 자산가격 상승 → 가계 소비여력 확충 → 근원물가 상승**의 공통적 메커니즘을 보였으나, ④기는 추가적으로 **초과저축의 펜트업 수요 실현**이 소비 호조를 강화했습니다.","GDP  갭률을 산출하였다 아울러 갭률이 양 의 값을 나타내는 시기를 수요
                                      .                    GDP              (+)                                       ‘高
압력 국면 음 의 값을 나타내는 시기를 수요압력 국면 으로 구분하였다
              ’,       (-)                                           ‘低                   ’                          .5)
4. 2000년 이후 수요주도 高근원물가기는 네 차례  가 있었다. 본고에서는   갭률이                          [그림 1]
                                                                                                             GDP
양 의 값을 유지하면서
 (+)                            근원물가 상승률이 분기 이상                                                              2
     를 지속적으로 상회하는                 시기를 수요주도 근원물가
                                           수요측         압력   확대,   高수요압력         국면
2.5%                                                                                          ‘               高
기 로 정의 하였다 이에 따르면 년 이후 수요주도 근원물가기는 카드사태
                                               근원물가 높은 상승세, 高근원물가 국면
               [표 1]                                                                                             ①
 ’                               .                           2000                         高
                          ②                                                     ③                                     ④
이전           글로벌 금융위기 직전
      02.1/4~02.4/4분기,         금융위기 회복기       팬데믹            07.2/4~08.3/4분기,                     11.2/4~11.4/4분기,
충격 회복기         의 네 차례로 구분된다 4기의 경우 공급망 차질과 에너지 가격                      .
급등의 영향도 받았으나 팬데믹 이후 강한 펜트업 수요가 발생했다는 점에서 수요주도
                   22.1/4~24.1/4분기
高  근원물가기로 분류할 수 있다                                     .
 2000년 이후 수요주도 高근원물가기는 네 차례
          [표 1] 물가 국면의 구분                                                  [그림 1] 수요주도 高근원물가기 1)
                      低수요국면               高수요국면
                       (◯
                        ― GDP갭률)          (◯
                                           + GDP갭률)
 高근원물가기
  (2분기 이상                              수요주도
                             ―
 근원물가 상승률                             高근원물가기
   2.5% 상회)
 低근원물가기                      ―                 ―
     (나머지 기간)
                                                            주: 1) 빨간색 음영은 수요주도 高근원물가기. 4기의 경우 물가상승의
                                                                  성격이 유사한 일부 마이너스갭률 구간도 포함
                                                               2) GDP갭은 HP필터로 추출
                                                           자료: 한국은행, 국가데이터처, 저자 추정
5. 네 차례의 수요주도 高근원물가기 동안 다음과 같은 네 가지 특징을 확인할 수 있다.
                                   이들 시기에는 공
6. (특징 ) 가계의 소비여력이 확충되면서 소비가 호조를 나타냈다.
통적으로 민간소비와 국내소비 등 주요 소비지표가 양호한 흐름을 보였다     이                                                                     .
                                                                                                                     [그림 2]
는 근원물가 상승기에 앞서 임금과 자산가격이 크게 오르면서     가계의 소비여                                                  [그림 3]
력이 개선된 데 주로 기인하는 것으로 평가된다 이에 따라 장기평균을 상회하는                                       .
실질구매력 증가 가 시차를 두고 소비확대로 이어지면서 근원물가 상승압력으
                             [그림 4]
로 작용한 것으로 보인다 특히 팬데믹 충격 회복기 에는 이와 더불어 사회적 거리
                                           .
두기 등으로 누적된 대규모 초과저축이 이후 펜트업 수요로 실현되면서 소비 호조
                                                                                     ④기
를 뒷받침한 것으로 판단된다                                    .
5) 다만 본고의 실증분석에서 국소투영모형 등 동태적 분석을 강조하는 일부 모형에서는 국면의 빈번한 전환과 측정
   오차 문제를 완화하기 위해 4분기 이동평균 GDP갭률이 양(+)인 경우를 高수요압력 국면으로 정의하였다.
                                                                                                                              33|수요주도 高근원물가기에는 임금 및 자산가격이 상승한 이후 소비가 개선되는 모습
                                   [그림 3] 주가-근원물가 간
      [그림 2] GDP 소비갭 1)                                    [그림 4] 1인당 실질구매력 1)
                                       시차상관계수 1)
 주: 1) 추세는 HP필터로 추출             주: 1) 전년동기대비 상승률 간 상관계수, 주: 1) 1인당 명목구매력 (=임금총액 ×
자료: 한국은행, 저자 추정                       근원물가 후행                 취업자수÷총인구)을 CPI로 실질화.
                               자료: 저자 추정                      점선은 장기평균(01~25년) 상승률
                                                        자료: 저자 추정, 고용노동부, 행정안전부
7. (특징 ) 수요측 압력이 높아지면서 비용인상분이 가격에 상대적으로 용이하게 전
가되는 모습이 나타났다.공급충격 이 수요측 압력보다 먼저 발생했던6)
                                        팬데믹 충격 회
복기 의 경우 수요가 빠르게 회복되면서 그간 누적된 비용압력이 가격에 반영되기
               ,
쉬운 여건이 형성되었고 이에 따라 근원물가 상승폭도 더욱 크게 나타났다   기
     ④기
                                                                            [그림 5]
                                                                            .
업들은 경기가 부진한 시기에는 가격인상을 유보하다가 수요측 압력이 높아지면 비
용상승분의 가격전가를 확대하면서 그간의 손실을 보전하는 경향이 있다 오차수정                              .
모형 추정 결과에서도 수요압력 국면에서 가격에 반영되지 못한 비용측 압력이
          7)
                           低
高수요압력 국면에 전가 되는 것으로 나타났다  [그림 6]
                                                   .
수요측 압력이 높은 국면에서는 비용상승 충격의 가격전가가 확대되는 경향
   [그림 5] 수입물가 1) 및 근원물가 상승률   [그림 6] 국면별 미반영 비용압력 전가율 1)
 주: 1) 원화 기준                                주: 1) 근원물가에 반영되지 않은 비용압력의 근원물가에 대한
자료: 한국은행, 국가데이터처                                  단기 계수. 세로 막대선은 90% 신뢰구간
                                               2) 低수요압력 국면 전가율과 高수요압력 국면 전가율
                                                  계수의 합
                                           자료: 저자 추정
6) 팬데믹 이후 국경봉쇄 등으로 글로벌 공급망 병목이 발생하면서 수입물가가 크게 상승하였다.
7) 최종재 가격과 비용변수(국산·수입 중간재 가격, 단위노동비용)간 장기관계식(Ahn et al., 2017)을 통해 미반영된 비
   용압력(잔차)을 추정하고, 단기식으로부터 최종재 가격에 대한 수요압력 국면별 미전가 비용압력의 전가율 차이를
   추정하였다. 모형에 대한 자세한 내용은 <참고 1>을 참조하기 바란다.
34",
"2024년 글로벌 경제성장률에 영향을 미치는 AI 투자 모멘텀, 중동 불확실성, 재정적자 우려가 각각 어떤 수치와 전망으로 반영되어 있으며, 이들이 종합적으로 경제성장 궤적과 위험요인에 어떻게 작용하는가?",,"# 2024년 글로벌 경제성장에 미치는 주요 요인 분석

## 주요 영향 요인별 전망

**1. AI 투자 모멘텀 (긍정 요인)**
- AI 투자 호조와 인프라 투자 확대가 세계경제의 ""완만한 성장 흐름""을 견인하고 있습니다.
- 글로벌 교역은 ""AI 인프라 투자 및 관련 서비스 교역 호조""로 양호한 증가세가 예상되나, 국가별로는 ""공급망 참여 정도에 따라 성장세가 차별화""될 것으로 전망됩니다.

**2. 중동 불확실성 (위험 요인)**
- 중동지역 불확실성이 ""지속""되고 있으며, 국제유가가 ""높은 수준을 유지""하면서 글로벌 인플레이션의 ""여전한 불안 요인""으로 작용합니다.
- 향후 ""중동지역 협상의 진전 여부""가 상·하방 리스크로 잠재해 있습니다.

**3. 재정적자 우려 (위험 요인)**
- 주요국(미국·유럽·일본)의 ""재정적자 확대, 물가상승 우려 등에 따른 시장금리 상승이 성장을 제약할 가능성""이 제기됩니다.

## 종합 평가
세계경제는 AI 투자와 교역 성장에 힘입어 완만한 성장을 이어가나, 중동 불확실성, AI 투자 수익성 우려, 재정적자로 인한 금리 상승이 상·하방 리스크로 작용할 것으로 예상됩니다.","Ⅰ. 국내외 여건 및 전망
               1. 주요 여건 점검
   목 차
대외여건 ······························································ 2
대내여건 ······························································ 8|1. 주요 여건 점검
대외여건
1-1. 세계경제는 중동지역의 불확실성이 지속되고 있으나 AI 투자 호조, 양호한 교
역 증가세에 힘입어 완만한 성장 흐름을 이어갈 전망이다. 세계경제는 분기중 주요국
                                     2/4
들이 재정지원 공급망 조정 등으로 중동 공급충격에 대응함으로써 예상보다 높은 회
                  ,                                      發
복력을 보였고 인프라 투자도 확대되면서 양호한 성장세를 나타내었다 다만 중
                  ,    AI                                                                                  .        ,
국은 수출 호조에도 소비 투자 등 내수부진이 심화되며 성장세가 다소 둔화되었다
                                   ·                                                                                      .
7월 이후에는 그간 부진했던 유로지역 가 확장국면으로 전환되는 등 주요국 업황          PMI
제조업 서비스업 이 대체로 견조한 흐름을 이어가고 있다 글로벌 물가는 에너지 가격 충                              .
격으로 상승세가 확대되었다가 월 이후 다소 둔화되었으나 중동지역 불확실성으로 국제
       ·    PMI
                                            6
유가가 높은 수준을 유지하고 있는 점은 여전히 글로벌 인플레이션의 불안 요인이다                                                                              .
  앞으로 세계경제는 견조한 투자와 글로벌 교역 성장세 등으로 완만한 성장 흐름을
                                        AI
이어갈 전망이다 그러나 국가별로는 공급망 참여 정도에 따라 성장세가 차별화
                        .                          AI
될 것으로 예상된다 향후 세계경제의 성장경로에는 중동지역 협상의 진전 여부
                              .                                                                                     ,    AI
투자에 대한 수익성 우려 및 이에 따른 투자 조정 가능성 글로벌 금융시장 변동성                                            ,
확대 등이 상 하방 리스크로 잠재해 있다 주요국미국‧유럽‧일본 등의 재정적자 확대 물
                  ·                                          .                                                      ,
가상승 우려 등에 따른 시장금리 상승이 성장을 제약할 가능성도 제기된다                                                                        .
1-2.       세계교역은 중동전쟁에 따른 공급망 차질이 완화되고 AI 인프라 투자 및 관련
                                정부는 임시관세를 대
서비스 교역도 호조를 보이면서 양호한 증가세가 예상된다.1) 美
체하여 국가별    관세조치강제노동 일를 발표하였으며 향후 과잉생산 관세 부과                                        ,
와 관련한 불확실성 요인이 잠재해 있다
                      10~12.5%                  , 7.24
                                                         .
주요국 PMI, 확장국면 지속                                             세계교역, 중동전쟁 충격이 완화되며 양호한 흐름
                                       1)
            [그림 1.1] 주요국 PMI 추이                                        [그림 1.2] 세계상품교역량 및 증감률 1)
                                                                      (전년동월대비, %)                   (2021년=100)
                                                                 12                                                125
                                                                 10                                                120
                                                                 8                                                 115
                                                                 6                                                 110
                                                                 4                                                 105
                                                                 2                                                 100
                                                                 0                                                 95
                                                                 -2                         증감율(좌축)                90
                                                                                            세계상품교역량(우축)
                                                                 -4                                                85
                                                                      23.1       24.1        25.1        26.1 5
 주: 1) 종합 PMI               2) 8월은 속보치                        주: 1) 점선은 2023~2025년중 추세
자료: S&P Global                                               자료: CPB
1) 보다 자세한 내용은 BOX 2 「최근 세계교역의 양호한 흐름과 배경」을 참고하기 바란다.
2",
7월 소비자 물가와 핵심 물가의 상이한 추세가 기저 물가 압력과 부문별 역학을 어떻게 반영하고 있는가?,,"# 7월 소비자물가와 근원물가의 상이한 추세 분석

## 소비자물가 vs 근원물가 추세

**소비자물가 상승률**: 전월 3.2%에서 **2.8%로 둔화**
**근원물가 상승률**: 전월 2.5%에서 **2.6%로 확대**

## 기저 물가 압력 반영

근원물가(식료품·에너지 제외)의 상승세 확대는 **구조적 물가 압력**을 나타냅니다:
- 여행관련 서비스가격이 높은 수준 지속
- IT 기기, 전기자동차 등 내구재 가격 오름폭 확대

## 부문별 역학

**소비자물가 둔화 요인**:
- 석유류가격 인하로 오름폭 둔화
- 농축수산물 가격 상승률 저하 (정부 물가안정 대책 효과)

**근원물가 확대 요인**:
- 비용충격의 지속적 전이
- 경기개선에 따른 수요 압력 확대
- 서비스 및 내구재 중심의 수요측 물가 압력

이는 **에너지 가격 변동성에는 둔화되는 반면, 수요 기반의 구조적 물가 압력은 심화**되고 있음을 의미합니다.","물가
2-10.         소비자물가 상승률은 7월중 전월 3.2%, 전년동월대비보다 낮아진 2.8%를 나타낸 반면
                              석유류가격은 석유류 최고
근원물가 상승률은 2.6%로 오름세가 소폭 확대 6월 2.5%되었다.
가격이 인하되면서 오름폭이 둔화되었으며 농축수산물 가격도 일부 농산물 출하                                      ,
증가와 정부 물가안정 대책 등으로 상승률이 낮아졌다 근원물가식료품 에너지 제외는 여행                                                    .
관련 서비스가격이 높은 수준을 지속하는 가운데 기기 전기자동차 등 내구재 가격
                                                                                                                         ·
                                                                                              IT        ,
오름폭이 확대되면서 전월 보다 소폭 높은    상승하였다 일반인 기대인플레이션     2.5%                               2.6%                       .
향후 1년 은           2%대 중후반 수준을 나타내고 있다.
소비자물가 상승률 둔화, 근원물가 상승률 오름세 확대
         [그림 2.20] 소비자물가 및 근원물가                                                        [그림 2.21] 월별 상승률 기여도 차이 분해
       (전년동월대비, %)                             (전년동월대비, %)
 8                                                                       8
                                                 소비자물가
              6.3
                                                 근원물가
 6                                                                       6
 4                  4.2                                                  4
                                                                   2.8
 2                                                                 2.6 2
 0                                                                       0
     22.1     7      23.1   7    24.1   7      25.1    7    26.1     7
자료: 국가데이터처                                                                     주: 1) 근원품목 제외
                                                                              자료: 국가데이터처, 조사국
7월 소비자물가, 석유류 중심으로 오름폭 둔화
       [그림 2.22] 소비자물가 상승률 및 기여도                                                        [그림 2.23] 근원물가 상승률 및 기여도
        (전년동월대비, %, %p) (전년동월대비, %, %p)                                                (전년동월대비, %, %p)            (전년동월대비, %, %p)
  6                                  1) 6                                          6                                                         6
                  근원    1)
                             농축수산물                                                            개인서비스           공공서비스              집세
                  가공식품       석유류                                                              상품              근원
  4               전기·가스·난방   소비자물가      4                                          4                                                         4
  2                                                                      2         2                                                         2
  0                                                                      0         0                                                         0
  -2                                                                     -2    -2                                                            -2
       23.1         7     24.1    7     25.1      7        26.1     7                  23.1    7       24.1   7   25.1       7    26.1   7
 주: 1) 근원품목 제외                                                                자료: 국가데이터처, 조사국
자료: 국가데이터처, 조사국
                                                                                                                                                  21|2-11. 소비자물가는 금년중 비용충격의 전이가 지속되고 경기개선으로 수요압력이
점차 확대됨에 따라 2.7%5월 전망 유지 상승할 것으로 예상된다. 근원물가도 2.5%5월 전망
대비 +0.1%p의             석유류가격은 여전히 중동상황의 불확실
                높은 상승률을 나타낼 전망이다.
성이 높지만 연말경부터 둔화 흐름을 나타낼 것으로 보인다 농축수산물 가격은 폭염               .
등으로 단기적으로 상방압력을 받겠으나 정부정책이 이를 상당 부분 완충할 것으로
판단된다 근원물가는 비용충격의 전이 수요압력 확대 등으로 높은 상승세를 지속하
            .                         ,
겠으며 특히 내구재는 반도체 가격 상승의 영향으로 오름폭이 확대될 전망이다 내
        ,                                                                        .
년 소비자물가 상승률은 국제유가 흐름이 하방요인으로 작용하면서 2.3%로 낮아질 것
으로 예상된다. 반면 근원물가는 비용충격의 전이효과는 점차 완화되겠으나 수요측 물
가압력이 확대됨에 따라 높은 상승세 2.5%를 지속할 전망이다.
소비자물가는 유가하락 영향으로 둔화 흐름, 근원물가는 높은 오름세 지속 전망
        [그림 2.24] 소비자물가 상승률 전망                    [그림 2.25] 근원물가 상승률 전망
자료: 국가데이터처, 조사국                           자료: 국가데이터처, 조사국
                                 <물가 전망1)>
                                                                      (전년동기대비, %)
                      2025                2026                       2027e)
                      연간      상반          하반 e)    연간 e)       상반    하반       연간
                       2.1     2.5         2.8      2.7        2.3    2.2      2.3
 소비자물가 상승률
                              <2.5>       <3.0>   <2.7>    <2.4>     <2.1>    <2.3>
                       1.9     2.3         2.8      2.5        2.6    2.4      2.5
     • 근원물가2)
                              <2.3>       <2.6>   <2.4>    <2.4>     <2.2>    <2.3>
 주: 1) < >내는 2026.5월 전망 기준   2) 식료품·에너지 제외 기준                    자료: 국가데이터처, 조사국
22",
"2010년 1분기부터 2026년 2분기까지 한국의 최종재 가격에서 생산비용(국내/수입 중간재, 단위노동비용)으로부터의 미반영 비용 압력의 파급률이 GDP 갭 더미로 정의된 수요 압력이 낮은 시기와 높은 시기 사이에 어떻게 다른가?",,"# 수요압력 국면별 비용압력 전가율 비교

보고서에 따르면, **2010년 1분기부터 2026년 2분기까지** 미반영 비용압력의 전가율은 수요압력 국면에 따라 다르게 나타납니다.

## 추정 방법론

장기식을 통해 최종재가격과 생산비용(국산·수입 중간재, 단위노동비용) 간의 장기관계를 설정한 후, 단기식에서 **GDP갭 더미변수**로 수요압력을 구분하여 분석했습니다.

## 주요 결과

- **저수요압력기간 전가율(β₁)** 과 **고수요압력기간 전가율(β₂)** 이 유의하게 다를 경우, **고수요압력기간의 비용압력 전가율이 더욱 높은 것**으로 판단됩니다.

즉, 수요가 강할 때 기업들이 생산비용 상승을 최종재 가격에 더 적극적으로 반영하는 경향을 보이며, 이는 수요 강도에 따른 가격결정력의 차이를 시사합니다.","참고 1    수요압력 국면별 비용압력 전가율 추정방법
□ 최종재가격과 생산비용(국산·수입 중간재, 단위노동비용)간 장기관계가 있다는 가정하에
 (Ahn et al., 2017) 가격에 반영되지 않은 비용압력(이하 미반영 비용압력)을 추정하고, 수
 요압력에 따른 단기 전가율을 비교하였다.
  장기식: ln    ln 
                                                ln 
                                                                   
                                                                      
                                                                         ln   ,
                      
                           
   단,   는 미반영 비용압력,
       최종재가격은 최종재 국내공급물가(   ),
       국산 중간재가격은 중간재 국내공급물가( 
                                         
                                            
                                              ),
       수입 중간재가격은 중간재 수입 국내공급물가( 
                                               ),
        는 단위노동비용,
       추정 대상기간은 10.1/4~26.2/4분기
                                                                       
  단기식:  ln     ln
                                     
                                                ×     ′   
   단, 
              (GDP갭 더미변수),
         기타 통제변수(GDP갭률(t-1), 중간재가격 상승률(t), 단위노동비용 상승률(t))
⇒ 미반영 비용압력의 저수요압력기간 전가율()과 고수요압력기간 전가율(  )이 유의
  하게 다를 경우 고수요압력기간의 비용압력의 전가율이 더욱 높은 것으로 판단하였다.
                                                                                             43|참고 2             물가확산지수 측정방법
 □ 물가확산지수 측정방법은 다양하지만 본고에서는 美 Conference Board, 일본은행, 美 연
     준 방식을 활용하여 3종류의 물가확산지수를 산출하였다.
     * 3종류의 물가확산지수 비교를 위해 표준화 활용
 □ [물가확산지수 1] 한국은행에서 물가확산지수 산출 시 활용하고 있는 방법으로 전반적
     인 가격상승 압력을 나타내기 때문에 가장 종합적인 물가확산지수이며, 가격을 올리는 기
     업의 비중을 간접적으로 측정할 수 있다.
     ㅇ (측정방식) 美 Conference Board 방식을 준용하여, 개별품목의 전월대비 상승률이
       +0.05% 상회 시 1점, -0.05%와 +0.05% 사이인 경우 0.5점, -0.05% 하회 시 0점을 각
       각 부여하고 소비자물가 가중치를 통해 가중합산 후 12개월 이동평균하여 산출하였다.
       ￭ 모든 품목이 전월대비 보합(-0.05% ~ +0.05%)일 경우 지수는 50이며, 지수가 높아질
         수록 소비자물가 구성 품목 전반에 걸쳐 가격 인상이 확산되고 있음을 의미한다.
      보합기준을 변경하더라도 물가확산지수 추이는 유사
              <소비자물가 1)>                                                                                          <근원물가 1)>
       3                                                                      3    3                                                                      3
       2                                                                      2    2                                                                      2
       1                                                                      1    1                                                                      1
       0                                                                      0    0                                                                      0
       -1                                                                     -1   -1                                                                     -1
                                전월대비 0.05%기준 (연율 0.6%)                                                      전월대비 0.05%기준 (연율 0.6%)
       -2                       전월대비 0.08%기준 (연율 1.0%)                        -2   -2                       전월대비 0.08%기준 (연율 1.0%)                        -2
                                전월대비 0.10%기준 (연율 1.2%)                                                      전월대비 0.10%기준 (연율 1.2%)
                                전월대비 0.12%기준 (연율 1.4%)                                                      전월대비 0.12%기준 (연율 1.4%)
       -3                                                                     -3   -3                                                                     -3
            01   03   05   07    09   11   13   15   17   19   21   23   25             01   03   05   07    09   11   13   15   17   19   21   23   25
       주: 1) 비교를 위해 표준화 활용
      자료: 자체 추정
 □ [물가확산지수 2] 일본은행에서 활용하고 있는 방식으로 가격인상이 가격인하보다 얼마나
     우세한지를 나타내기 때문에 가격조정의 방향성을 보여주는 데 초점이 맞춰져 있다.
     ㅇ (측정방식) 전년동월대비 상승품목 비중에서 하락품목 비중을 차감하여 산출하였다.
       ￭ 지수가 0보다 크면 물가상승압력이 우세함을, 0보다 작으면 물가하락압력이 우세함
         을 나타낸다.
 □ [물가확산지수 3] 美 연준 FEDS Notes(2026)에서 분석된 방식으로 높은 수준의 가격인
     상이 얼마나 광범위한가를 나타내고 있다.
     ㅇ (측정방식) 전년동월대비 상승률이 3%(근원물가 상승률의 기준은 2.5%)를 초과하는 품
        목들의 가중치를 합산하여 산출하였다.
       ￭ 지수가 높을수록 소비자물가 내 가격상승 압력이 강하게 나타나고 있음을 시사한다.
44",
"2024년 2분기 한국의 AI 인프라 투자가 전체 투자 성장을 어떻게 견인했으며, 경제 확장에 대한 기여도는 어느 정도였는가?",,"제공된 맥락에는 2024년 2분기 한국의 AI 인프라 투자에 관한 구체적인 수치와 근거가 포함되어 있지 않습니다. 

맥락은 주로 미국, 유로지역, 중국, 일본, 아시아 신흥국 등 주요국의 경제상황을 다루고 있으며, 미국의 경우 AI 투자가 2/4분기 투자 성장에 3.0%의 전기대비연율 증가를 기록했다는 정보만 제시되어 있습니다. 

한국 경제의 AI 인프라 투자 기여도에 대한 정보는 제공된 자료에 없으므로, 정확한 답변을 드릴 수 없습니다.","Box 1        주요국 경제상황과 향후 전망
  주요국별로 보면, 미국경제는 중동전쟁에도 불구하고 AI 투자에 힘입어 잠재수준의 성장세
2%대 초반 를 나타낼 전망이다. 미국경제는 2/4분기중 견조한 민간수요를 기반으로 안정적인 성
장 흐름을 지속하였다. 중동전쟁에 따른 인플레이션 압력, 정부지출 감소전략비축유 판매 등은 성장
에 제약적이었으나 투자3.0%, 전기대비연율가 AI인프라 지출을 중심으로 높은 증가세를 이어갔으며,
소비3.2%도 월드컵과 그에 맞춘 대규모 할인행사 등으로 크게 증가하였다. 7월 들어 소매판매
가 부진하였으나 7~8월중 PMI는 제조업과 서비스업 모두 기준치를 상당폭 상회하는 등 대체로
양호한 모습을 이어갔다. 향후 미국경제는 AI 투자 확대의 영향이 성장 하방압력높은 인플레이션
등을  완충하면서 잠재수준의 성장세를 이어갈 전망이다. 다만 금리상승, 데이터센터 투자 축소지역반
대 등, 중동전쟁 악화 등 하방리스크가 잠재해 있다.
  유로경제는 주요국 재정확대에 힘입어 성장하겠으나 제조업의 구조적 부진, 높은 에너지
가격 등으로 성장 속도는 완만할 전망이다. 유로경제는 2/4분기중 중동전쟁 충격과 이상기후
폭염·가뭄에도 불구하고 전분기 부진아일랜드, 프랑스에 따른 기저효과와 제조업의 예상 밖 호조의 영
향으로 상당폭 성장+0.4%하였다. 제조업은 중국과의 경쟁 등에 따른 구조적 부진자동차 등에도
국방지출 확대독일, 재고 확보에너지 가격 상승 대응, 아시아 생산차질석유화학의 반사이익 등으로 최근 양
호한 흐름을 이어왔지만 일시적 측면도 크다. 앞으로 유로경제는 방산·AI를 중심으로 성장세
를 이어가겠으나, 제조업 구조적 부진, 높아진 에너지 가격과 금융여건 긴축의 영향으로 그
속도는 빠르지 않을 것으로 예상된다. 향후 성장경로에는 재정지출 확대국방·인프라 등 상방리스
크와 지정학적 긴장러·우 전쟁 고조 등의 하방리스크가 잠재해 있다.
             미국 AI 투자 1)의 성장기여도                                   유로지역 산업생산과 재정적자 1)
         (%p, 전기대비)                (%p, 전기대비)                   (2021=100)                       (%)
 2.0                      1)
                                                 2.0     130                         130.              4.0
                 AI 투자                                                제조업생산             재정적자
                           2)
 1.5             기타 비주거용 투자                      1.5                  서비스업생산
                                                         120                         120.              3.5
 1.0                                             1.0
 0.5                                             0.5     110                         110.              3.0
 0.0                                             0.0
                                                         100                         100.              2.5
 -0.5                                            -0.5
 -1.0                                            -1.0     90                         90.               2.0
        23.1/4   24.1/4        25.1/4   26.1/4                 22.1    24.1   26.1    25 26e 27e 28e
 주: 1) 정보처리설비 및 소프트웨어 투자                                 주: 1) GDP대비, 26~28년 수치는 전망치
    2) 설비, 구조물 및 지식재산생산물 투자를 포함                         자료: Eurostat, ECB
자료: BEA
  중국경제는 부진한 내수와 양호한 수출의 K자 양극화 성장 흐름이 심화되면서 성장률이
4%대 중반으로 낮아질 전망이다. 최근 중국경제는 반도체 등 IT제품을 중심으로 수출이 견
조한 증가세를 나타내고 있지만, 연초 반등했던 투자가 위축되고 내구재를 중심으로 소매판매
도 부진하였다. 중국정부는 첨단부문 투자에 대한 지원을 확대하면서도 유의미한 내수부양책
은 발표하지 않고 있다. 향후 중국경제는 글로벌 IT경기 호조 등으로 수출이 양호한 흐름을
나타내겠으나 투자 위축 등 내수부진이 이어지며 4%대 중반의 성장률을 나타낼 전망이다.
향후 전망경로는 IT제품 수요 추가 확대, 중국정부의 내수부양책 도입 여부 등에 영향받을 것
으로 판단된다.
                                                                                                             3|중국 수출                                                           중국 부문별 성장
        (전년동기대비, %, %p)     (전년동기대비, %)
     30                                      120
          반도체        컴퓨터
     25   휴대폰        기타Hi-tech               100
     20   자동차        섬유·가죽                   80
          가구·가전      기타
     15                                      60
          수출(좌축)     반도체(우축)
     10                                      40
      5                                      20
      0                                      0
     -5                                      -20
          24.1/4   25.1/4    26.1/4 2/4 7월
자료: 해관총서, 조사국 시산                                    주: 1) Haver 시산
                                                   자료: 중국 국가통계국, 해관총서
     일본경제는 완만한 회복 흐름을 이어갈 전망이다. 일본경제는 2/4분기중 민간소비0.0%, 전기대비
    가 보합에 머물고 설비투자도 감소-1.2%하였으나, 글로벌 AI 투자 확대 등에 힘입어 수출0.5%
    증가세가 이어지며 완만한 회복 흐름0.3%을 유지하였다. 일본은행의 정책금리 인상6.16일, 0.75→1%
    에도 고유가와 임금상승 등으로 물가 상승압력이 지속되는 가운데, 재정건전성 우려가 부각
    되면서 금융시장국채금리·환율 변동성은 높아진 상황이다. 향후 일본경제는 확장적 재정정책과 글
    로벌 AI 투자 지속 등에 힘입어 완만한 성장세를 이어갈 것으로 예상되나, 엔화 및 물가 흐
    름과 일본은행의 추가 금리인상 속도가 성장경로의 주요 변수이다.
     아시아 신흥국은 내수와 수출을 중심으로 양호한 성장세를 이어가고 있으나, 성장 모멘텀은
    다소 약화될 전망이다. 인도는 견조한 민간소비와 투자에 힘입어 높은 성장세를 유지한 반면,
    아세안5국은 양호한 수출 증가에도 일부 국가인도네시아, 태국에서 소비와 생산이 둔화되는 모습
    이다. 인도의 견조한 내수와 아세안5국의 수출 확대가 향후 성장을 뒷받침하겠으나, 물가상
    승에 따른 실질구매력 약화와 일부 국가의 긴축적 금융여건 및 통화가치 약세는 민간소비와 투
    자를 제약할 것으로 보인다. 중동전쟁발 유가·운임 상승, 식료품 가격 오름세, 이상기후에 따른
    농업생산 차질은 생산비용 상승과 실질구매력 약화를 통해 성장의 하방리스크로 작용할 수
    있다.
            일본 소비자물가 및 실질임금 상승률                                아시아 신흥국 제조업 PMI 및 물가상승률
                                                               <제조업 PMI>                                          <물가상승률>
                                                         (기준치 = 50)                 (기준치 = 50)              (전년동월대비, %)            (전년동월대비, %)
                                                   62                                             62   7                                            7
                                                                             인도      아세안5국                                       인도     아세안5국
                                                   60                                             60   6                                            6
                                                   58                                             58   5                                            5
                                                   56                                             56   4                                            4
                                                   54                                             54   3                                            3
                                                   52                                             52   2                                            2
                                                   50                                             50   1                                            1
                                                   48                                             48   0                                            0
                                                        24.1    7
                                                               24.7   25.1    7
                                                                             25.7           6
                                                                                      26.1 26.6            24.1    7
                                                                                                                  24.7    25.1    7
                                                                                                                                 25.7         6
                                                                                                                                        26.1 26.6
     주: 1) 신선식품 제외                         자료: 각국 통계청, Haver
        2) 일시적 변동요인과 보조금∙세제 변화 등 제도적 요인 제거
    자료: 일본 총무성, 후생노동성, 일본은행
4",
Korea's Q1-Q2 2026 export growth rates and May's performance collectively indicate what trajectory of export momentum throughout H1 2026?,,"# 2026년 상반기 수출 모멘텀 궤적

2026년 상반기 한국의 수출 모멘텀은 **강한 상승세에서 조정되는 궤적**을 보입니다.

**구체적 근거:**

- **1/4분기**: 통관수출 전년동기대비 **38.4% 증가**
- **2/4분기**: 통관수출 전년동기대비 **57.2% 증가** (최고점)
- **5월**: 통관수출 전년동기대비 **52.9% 증가** (2/4분기 내 조정)

**해석:**

1/4분기의 38.4% 성장에서 2/4분기 57.2%로 **급속한 가속화**를 보인 후, 5월에는 52.9%로 **소폭 조정**되는 패턴입니다. 이는 2/4분기 초반의 강한 수출 수요가 월말로 갈수록 완화되는 **고점 이후 정상화 추세**를 시사합니다.","<부록> 국내외 주요 경제지표
[세계경제]
                                            2025                                              2026
     (전기대비, %)       2024
                                연간           3/4            4/4         1/4        2/4         5월       6월       7월
     GDP성장률1)             2.8        2.1        4.4          0.5         2.1        1.5             -        -        -
     산업생산2)            -0.7          1.1        0.5         -0.5         0.3        1.0         0.0      0.3       0.2
 미 소매판매                   3.0        3.7        1.6          0.4         1.3        2.9         0.9      0.2      -0.6
 국
     소비자물가3)              2.9        2.6        2.9          2.7         2.7        3.9         4.2      3.5       3.4
     비농업취업자수
                     1,826           764         34          -91        130        287           63       20      -23
     증감(천명)
     GDP성장률               1.0        1.2        0.3          0.2         0.0        0.4             -        -        -
     산업생산2)            -3.0          1.6        -0.1         0.1        -0.8        0.9         0.3      0.0          ..
 유
     소매판매                 1.3        2.4        0.2          0.6         0.3        0.2         0.4      -0.3         ..
 로
     통관수출4)               0.6        2.4        0.2         -0.7         0.9        5.6         0.4      0.9          ..
     소비자물가3)              2.4        2.1        2.1          2.1         2.0        3.0         3.2      2.8       2.9
     GDP성장률3)             5.0        5.0        4.8          4.5         5.0        4.3             -        -        -
     산업생산2)3)             5.8        5.9        5.8          5.0         6.1        4.6         4.5      5.3       4.5
            3)
 중 소매판매                   3.5        3.7        3.4          1.7         2.4        0.2        -0.6      1.0       0.6
 국 고정투자3)5)               3.2    -3.8           -0.5        -3.8         1.7       -5.7        -4.1      -5.7     -6.7
     통관수출3)               5.8        5.4        6.4          3.7        14.7       20.1        19.2     26.9     23.9
     소비자물가3)              0.2        0.0        -0.2         0.6         0.9        1.1         1.2      1.0       0.5
 주: 1) 전기대비 연율          2) 광공업 기준  3) 전년동기대비                       4) 역내거래 제외                 5) 누계 기준
자료: Fed, BEA, BLS, Eurostat, 중국국가통계국, 해관총서 등
[국제에너지 가격]
                                      2025                                                2026
     (기간중 평균)      2024
                            연간         3/4         4/4        1/4         2/4       5월          6월       7월      8월3)-
두바이유1)               80         69         70          64          88         96     104         84       77       87
브렌트유1)               80         68         68          63          78         97     103         79       84       88
유럽 천연가스2)            35         36         33          30          40         46         47      45       54       60
 주: 1) 달러/배럴 2) 유로/MWh 3) 8.1~24일까지의 평균
자료: Bloomberg, 한국석유공사
52|[국내경제]
                                       2025                                  2026
     (전기대비, %)       2024
                              연간        3/4       4/4      1/4      2/4      5월       6월       7월
     GDP 성장률           2.2      1.1       1.4      -0.1      1.8      0.6         -        -        -
     소매판매액            -1.9      0.3       1.2       0.6      2.4     -1.7      0.1      2.7         ..
     (전년동기대비)                            (1.6)     (0.9)    (3.2)    (2.4)    (1.5)    (4.2)        ..
     설비투자지수            3.0      1.2       0.6      -3.8     13.0      3.6      0.3      5.8         ..
     (전년동기대비)                            (1.2)    (-6.2)    (9.8)   (13.0)    (9.7)   (21.7)        ..
 성
     건설기성액            -4.6    -16.5      -0.8      -4.1      0.5      0.4      3.7      4.1         ..
 장
     (전년동기대비)                          (-11.9)   (-15.1)   (-6.1)   (-4.6)   (-3.2)   (-4.0)        ..
     통관수출(억$)        6,836    7,093    1,849     1,898     2,208    2,753     876     1,020     990
     (전년동기대비)         (8.1)    (3.8)     (6.5)     (8.4)   (38.4)   (57.2)   (52.9)   (70.4)   (63.0)
     통관수입(억$)        6,318    6,319    1,625     1,622     1,698    1,889     607      661      686
     (전년동기대비)        (-1.7)    (0.0)     (1.6)     (1.4)   (11.1)   (22.3)   (20.7)   (30.0)   (26.5)
자료: 한국은행, 국가데이터처, 관세청
                                       2025                                  2026
    (전년동기대비, %)      2024
                              연간        3/4       4/4      1/4      2/4      5월       6월       7월
물 소비자물가                2.3      2.1       2.0       2.4      2.1      3.0      3.1      3.2      2.8
가      근원물가1)          2.2      1.9       1.7       2.0      2.2      2.4      2.5      2.5      2.6
    경상수지(억$)         1,000    1,231      360       392      744     1,166     386      497          ..
경
상      상품            1,109    1,381      376       426      742     1,196     379      479          ..
수      서비스            -294     -345       -77     -106       -70      -48      -11      -13         ..
지
       본원‧이전          185      195         61        71       71       18       18       31         ..
  취업자수 증감
고 (만명)                15.9     19.3      21.6      19.5     18.3      3.2     -4.0      6.3     10.8
용
    실업률(S.A., %)       2.8      2.8       2.7       2.9      2.9      2.8      2.8      2.7      2.8
 주: 1) 에너지, 식료품 제외
자료: 한국은행, 국가데이터처
                                                                                                    53",
2024-2025년 AI 확대 속에서 한국의 지식재산(IP) 제품 투자 성장률이 R&D와 소프트웨어 부문에서 어떻게 비교될 것으로 전망되는가?,,"# 답변

2024-2025년 지식재산(IP) 제품 투자는 R&D와 소프트웨어 부문 모두에서 견조한 성장세를 보일 전망입니다.

**연도별 성장률:**
- **2024년**: 3.7% 증가
- **2025년**: 3.2% 증가

**부문별 성장 동력:**

1. **R&D 투자**: 주요 반도체 기업의 매출실적 호조를 감안할 때 연구개발투자를 중심으로 견조한 성장세를 이어갈 것으로 예상됩니다.

2. **소프트웨어 투자**: AI 확산에 따라 관련 소프트웨어를 중심으로 증가세를 지속할 전망이며, 금융회사 망분리 규제 완화도 소프트웨어 투자 확대를 뒷받침할 것으로 예상됩니다.

두 부문 모두 AI 확산이라는 공통의 성장 동력을 바탕으로 안정적인 투자 증가세를 유지할 것으로 전망됩니다.","2-5. 지식재산생산물 이하 지재물투자는 연구개발투자를 중심으로 견조한 성장세를 나타낼
전망이다.지재물투자는 분기중 주요 반도체 기업의 연구개발 지출 확대 금융회
               2/4                          ,
사 망분리 규제 완화 에 따른 소프트웨어 투자 등으로 전기대비 15)
                                      증가하였다                                                    3.3%                      .
앞으로도 지재물투자는 주요 반도체 기업의 매출실적 호조 등을 감안할 때 연구개발
투자를 중심으로 견조한 성장세를 이어갈 것으로 예상된다 기타지재물투자도                                                   .                             AI
확산에 따라 관련 소프트웨어를 중심으로 증가세를 지속할 전망이다 이에 따라 지재                                                       .
물투자는 금년과 내년에 각각       증가할 전망이다                 3.7%,         3.2%                     .
기업실적 개선으로 연구개발 투자 여력 증대                                             소프트웨어투자 지속적 증가 전망
                                    1)
     [그림 2.12] 상위 5대기업                   매출액 추이 및 전망                 [그림 2.13] 국내 기업의 소프트웨어투자 전망
             (조원)                          (전년대비, %)                      (억달러)                        (전년대비, %)
     2,000                                                   100    300                                            20
백만                  규모(좌축)                                                  규모(좌축)
                                                             80
     1,500          증가율(우축)                                                 증가율(우축)
                                                             60     200                                            16
     1,000                                                   40
                                                             20     100                                            12
      500
                                                             0
        0                                                    -20      0                                            8
                                                e        e                        e       e    e        e    e
             20     21   22   23     24   25   26   27                   25     26    27    28     29       30
 주: 1) 삼성전자, SK하이닉스 , LG전자, 현대차, 기아                                 자료: Gartner Market Databook(26.6월)
자료: DataGuide
15) 금융위원회는 4.20일부터 금융회사가 내부 업무망에서 클라우드 기반 응용소프트웨어(SaaS)를 활용할 경우
    일정한 보안규율을 준수하는 것을 전제로 망분리 규제 예외를 허용하였다.
                                                                                                                        17|2-6. 재화수출 실질GDP 기준은 금년중 AI 확산의 영향이 반도체 수출뿐 아니라 비IT 수출
                                 분기 재화수출은 반도체
에도 파급되면서 9.7%의 높은 증가세를 나타낼 전망이다. 2/4                 ·
컴퓨터데이터센터용 저장장치를 중심으로 전기대비    증가하였다 중동전쟁에 따른 석유                      1.0%                           .
제품 화공품의 수출 감소폭은 당초 예상보다 제한적이었다 앞으로도 재화수출은 글로벌
       ·                                                                                   .
AI인프라 투자 확대로 반도체 컴퓨터 등 부문의 호조가 지속되고 철강 금속            ·              IT                                             ,        ·     ,
기계 등 비 부문의 수요도 늘어나면서 견조한 증가세를 보일 것으로 예상된다 이에
                   IT                                                                                                       .
따라 내년 재화수출도 의 높은 증가세를 이어갈 전망이다 재화수입   4.6%   은                                                             .
금년중 원자재원유 나프타 등 수입차질이 점차 완화되고 반도체제조용장비를 중심으로
                                                                                                                   실질GDP 기준
                                                                                   ,
자본재 수입이 크게 확대되면서       증가할 전망이다 내년에도 수출 확대와 내수
                            ·
                                                         9.8%                          .
개선세가 이어지면서       증가할 것으로 예상된다         4.6%                                     .
반도체 수출 강한 호조세 지속                                                    석유제품·화공품 수출부진 예상보다 제한적
     [그림 2.14] 국내 주요 반도체 기업의 매출 전망                                       [그림 2.15] 석유제품·화공품 수출물량지수
자료: JP Morgan, Goldman Sachs, UBS                                   자료: 한국은행
2-7.                               통관수출은
           통관수출 명목금액은 반도체를 중심으로 큰 폭 증가할 전망이다.                                                                                   2/4
분기중 반도체 컴퓨터를 중심으로 전년동기대비·    증가하여 전분기 보다 증                                   57.2%
가세가 큰 폭 확대되었으며 월 들어서도      증가하였다 앞으로도 통관수출은
                                                                                                                   +38.4%
                                             ,   7                  63.0%                              .
반도체 컴퓨터 호조 에 힘입어 증가세를 이어가면서 올해와 내년 모두 조달러를
           ·                    16)
                                                                                                                        1
상회할 것으로 예상된다 품목별로 보면 반도체 컴퓨터 이외에도 석유제품 화공품이
                                       .                        ,        ·                                              ·
중동 공급차질로 인한 단가 상승 영향으로 철강금속 기계류는 글로벌 투자 확
       發                                                            ,                  ·                               AI
대 등에 힘입어 견조한 증가세를 보일 것으로 예상된다 다만 자동차는 주요국과의                                                    .
경쟁 심화 현지생산 확대 등으로 부진한 모습이 이어질 전망이다
               ,                                                                                               .
16) 반도체·컴퓨터 수출은 수급 불균형에 따른 가격 급등에 힘입어 금년 상반기중 전년동기대비 각각 160.8%,
    221.5% 급증하였다.
18",
How do optimistic vs. pessimistic semiconductor scenarios impact Korea's 2026 growth and inflation forecasts?,,"# 반도체 시나리오별 2026년 국내 성장 및 물가 영향

## 낙관 시나리오
- **성장률**: 기본전망 대비 올해 +0.2%p, 내년 +0.6%p 상향
- **물가상승률**: 올해는 제한적, 내년 +0.2%p 상향
- **전제**: AI 확산으로 반도체 수요 강화, 국내 업체의 신규 생산능력 확대 및 수율 개선으로 반도체 수출물량이 금년 20%, 내년 10% 대 중후반 수준으로 확대

## 비관 시나리오
- **성장률**: 기본전망 대비 올해 -0.1%p, 내년 -0.4%p 하향
- **물가상승률**: 올해는 제한적, 내년 -0.1%p 하향
- **전제**: AI 투자 수익화 지연으로 빅테크 투자 속도 조정, 반도체 수출물량이 금년 10% 대 중반, 내년 10% 내외 수준으로 둔화

**결론**: 반도체 경기 변동성에 따라 2026년 성장률은 최대 1.0%p(낙관 대비 비관), 물가상승률은 0.3%p의 차이가 발생할 수 있습니다.","3. 전망의 리스크 평가
주요 리스크 요인
3-1.         향후 성장 전망경로에는 AI 투자 속도, 중동상황 등과 관련한 불확실성이 크며,
물가의 경우 국제유가 및 환율 움직임, 수요측 압력 등이 리스크 요인이다.
                            상방리스크                              하방리스크
   ▪ AI 확산에 따른 반도체 관련 수출·투자                  ▪AI 수익성 우려에 따른 실물 투자 조정
     증가세 확대                                   및 금융시장 변동성 확대
 성 ▪ 중동지역 긴장 완화 및 에너지 공급망
                                             ▪중동지역 긴장 재고조
 장   정상화
            ▪ IT 호황의 여타부문 파급낙수효과 확대          ▪美 통상압력 및 관세부담 확대
 물 ▪ 중동상황 악화로 인한 국제유가 상승                     ▪유가 및 환율 하락폭 확대
 가 ▪수요측 물가압력 확산                              ▪정부 물가안정대책 강화
시장의 전망 분포
3-2.         주요 예측기관의 2026년 국내 성장 전망은 지난 5월 조사시점 대비 큰 폭 상향
                         등 시장참가자들의 올해 국내
조정되었으며, 물가 전망치 중윗값는 소폭 상향되었다. IB
성장률전망의 중윗값은 월 조사 대비
              5       높아진 로 소비자물가 상승률의
                          0.7%p    3.2%                           ,
경우 월 조사 대비     높아진 로 나타났다
                                      2.5%
   5         0.1%p    2.7%
                     2.6%        .
시장의 국내 성장 및 물가 전망은 각각 3.2%, 2.7%로 상향 조정
        [그림 3.1] 2026년 국내성장률 전망 분포 1)           [그림 3.2] 2026년 물가상승률 전망 분포 1)
            25.11월                                  25.11월
     조사시점
            26.2월                                   26.2월
            26.5월                            조사시점
                                                    26.5월
            26.8월
                                                    26.8월
                       2026년 GDP 성장률 전망(%)                   2026년 물가상승률 전망(%)
 주: 1) 40개 내외 기관 기준
자료: Bloomberg 서베이(8.10일)
26|시나리오 분석
3-3. 향후 전망경로상에는 반도체 경기와 중동상황을 둘러싼 불확실성이 크다. 이에
반도체 경기와 중동상황에 대한 대안적 시나리오를 설정하고 성장과 물가에 미치는
영향을 점검하였다.
 반도체 시나리오                               반도체 수출 증가세 추가 확대 낙관 vs. 증가세 추가 둔화비관
3-4. 반도체 경기가 호조세를 이어가고 있으나, 빅테크의 AI 투자 속도에 따라 변동성이
높을 것으로 예상된다.     글로벌 인프라 투자가 지속적으로 확대됨에 따라 반도체 수출
                 AI
이 견조한 증가세를 이어갈 전망이다 다만 생산능력이 점진적으로 늘어나면서 수출물량                       .         ,
증가율은 완만히 둔화될 것으로 예상된다 이에 따라 기본 시나리오에서는 반도체 수출                             .
물량이 금년중 대 후반 내년중 대 초중반 수준의 증가세를 나타낼 것으로 전제
                           10%                      ,               10%
하였다      .
◈ 낙관 시나리오 에서는 에이전틱        확산 수익모델 다변화 등으로 반도체 수요가
  예상보다 강한 가운데 국내 업체의 신규 생산능력 확대 및 수율 개선으로 생산도
                                                                AI                ,   AI
  빠르게 늘어나는 상황을 가정하였다. 이 경우 반도체 수출물량 증가세가 금년
                                                ,
  내외 내년 대 중후반 수준으로 확대되면서 국내 성장률은 기본전망 대비 올해
                                                                                                                                       20%
  +0.2%p, 내년 +0.6%p 높아지고 물가상승률은 올해에는 영향이 제한적이겠으나 내년
             ,             10%
  에는 +0.2%p 높아질 것으로 추정된다
                                                                ,
                                                                          .
◈ 비관 시나리오 에서는        투자 수익화가 지연되고 차입비용 부담이 확대되면서 빅테
  크의 투자 속도가 상당폭 조정되나 장기공급계약 등이 수요둔화 영향을 일부
                                                AI
  완충하는 상황을 가정하였다 이 경우 반도체 수출물량 증가세가 금년 대 중반
                 AI                                                               ,
  내년 내외 수준으로 둔화되면서 국내 성장률은 기본전망 대비 올해 -0.1%p, 내년
                                                            .                                                                10%                 ,
  -0.4%p 낮아지고 물가상승률 은 올해 에는 영향이 제한적 이겠으나 내년 에는 -0.1%p
                 10%
  낮아질 것으로 추정된다
                                    ,
                                                        .
[그림 3.3] 빅테크 자본지출 1) 전망                                     [그림 3.4] 메모리반도체 가격 1)          [그림 3.5] 반도체 수출물량지수 추이
       (십억달러)                      (십억달러)                                                         (전년동기대비, %)                (전년동기대비, %)
1200                                            1200                                        50                                             50
         5월 이후 조정폭                +41%
1000                                            1000                                        40                    25년: 16%                 40
 800                       +93%                 800                                         30          24년: 9%                            30
 600                                            600                                         20                                             20
                    +72%
 400         +55%                               400                                         10                                             10
 200                                            200                                         0                                              0
   0                                            0                                          -10                                             -10
        2023     2024   2025   2026 e) 2027e)                                                    24.1      7      25.1   7      26.1   7
 주: 1) 아마존, 구글, 마이크로소프트, 주: 1) D램은 DDR5 16Gb, 낸드는                                          자료: 한국은행
       메타, 오라클 등 5개社 합산        128Gb MLC 기준
자료: Bloomberg           자료: DRAMeXchange, TrendForce
                                                                                                                                           27",
"If South Korea's semiconductor boom unexpectedly weakened next quarter, how would the revised growth factors need adjustment?",,"# 반도체 경기 약화 시 성장률 조정 필요성

보고서에 따르면 현재 **반도체 경기 호황이 +0.35%p의 상방요인**으로 작용하고 있으며, IT 부문의 기여도가 **2025년 0.8%p에서 2026년 1/4분기 1.7%p로 확대될 전망**입니다.

반도체 경기가 예상외로 약화될 경우, 다음과 같은 조정이 필요합니다:

1. **직접적 성장률 하향 조정**: 현재 금년 **3.3% 성장 전망에서 반도체 기여도 0.35%p 감소** 필요

2. **IT 부문 파급효과 축소**: IT 제조업의 높은 성장 기여도가 내년에도 이어질 것으로 예상되었으나, 이 부분의 **상당한 하향 조정 불가피**

3. **내년 성장률 재검토**: 현재 **2.9% 성장 전망**도 반도체 확장세 지속을 전제로 하고 있어 **상향 불확실성 제거 필요**

보고서는 이미 ""반도체 경기 호조의 직접적 수혜가 일부 산업·계층에 집중""되어 있다는 점을 지적하고 있어, 반도체 약화 시 **파급효과 제약이 더욱 심화될 것으로 예상**됩니다.","Ⅰ. 국내외 여건 및 전망
               2. 거시경제 전망
  목 차
경제성장 ··························································· 12
경상수지 ··························································· 20
물        가 ··························································· 21
고        용 ··························································· 23|2. 거시경제 전망
경제성장
2-1.  국내경제는 중동상황의 불확실성 지속에도 불구하고, 반도체 경기 호황과 그에
따른 파급효과의 확산으로 금년중 3.3%5월 전망대비 +0.7%p의 높은 성장세를 나타낼 전망이다.
2/4분기 에는 중동 공급충격이 정부정책 등으로 상당 부분 완충된 데다 수출이 호조를
          發                                   ,
지속하고 소비도 추경 등으로 개선 모멘텀이 이어지면서 전기대비 전년동기대비                                           0.6%(
성장하였다 하반기중에도 부문 중심의 수출 투자 호조세가 지속되고 소비는 양호한
                                                                                                       3.7%)
           .                IT                                ·
회복세를 이어갈 것으로 판단된다 또한 중동발 에너지 공급망 차질이 점차 완화되면서
                                         .
비 부문의 부진이 완화될 것으로 보인다 분기별로는 3/4분기중 그간의 높은 성장에
     IT                                                   .
따른 기저효과 등으로 소폭 둔화된      성장하겠으나 4/4분기에는    의 양호한
                                             0.3%(2.6%)                ,            0.5%(3.3%)
성장세를 나타낼 것으로 예상된다 이를 종합할 때 금년 연간 성장률은 월 전망 을
                                         .                         ,                        5
크게 상회하는 로 예상된다 내년에는 반도체 경기 확장세가 지속되는 가운데 여타
                                                                                                     2.6%
                   *
               3.3%                  .
부문으로의 파급효과도 본격화됨에 따라, 내수와 수출 모두 견조한 흐름을 보이며 연간
2.9% 성장할 전망이다. 다만 전망경로상에는
                       8)  투자 속도 중동상황 관세정책 등과
                                 ,                            AI           ,        ,       美
관련한 불확실성이 큰 상황이며 반도체 경기 호조의 직접적인 수혜가 일부 산업 계층에
                                     ,                                                           ·
집중되어 있는 점은 긍정적 파급효과를 다소 제약할 수 있는 요인이다                                                   .
* 실적치(잠정)가 상향수정(기여도 +0.2%p)된 가운데 반도체 경기 호조(+0.35%p), 3대 메가프로젝트 등에
  따른 투자 진행 가속화(+0.1%p), 예상보다 작은 중동영향(+0.1%p) 등이 상방요인으로 작용하였다.
반도체 경기 호황과 그에 따른 파급효과 확산으로 견조한 성장세 전망
      [그림 2.1] GDP 전망경로              [그림 2.2] 지출부문별 기여도                    [그림 2.3] 내수·수출 순성장기여도 1)
자료: 조사국                          자료: 조사국                                    주: 1) 수입유발효과를 차감하여 시산
                                                                           자료: 조사국
8) 반도체 수요 확대에 힘입어 IT 부문의 생산 증가세가 지속되는 가운데 공급부족 등에 따른 반도체 가격 상승이
   더해지면서 금년중 IT 부문이 GDP에서 차지하는 비중은 크게 확대될 전망이다. 이에 따라 IT 부문의 높은 성장
   기여도는 내년에도 이어질 것으로 예상된다.
   IT 제조업(컴퓨터, 전자 및 광학기기 제조업) 성장기여도: (15~24년 평균) 0.6%p → (25년) 0.8%p → (26.1/4분기) 1.7%p
12",
"반도체 수출이 AI 수요 가속화로 인해 예상 외로 전년 대비 20% 급증할 경우, 한국의 2026년 성장률과 물가상승률이 기준선 전망에서 어떻게 이탈할 것으로 예상되는가?",,"# 반도체 수출 급증 시나리오의 성장률 및 물가상승률 영향

반도체 수출이 전년 대비 20% 수준으로 증가하는 **수출 증가세 확대 시나리오**에서:

**2026년(올해) 영향:**
- **성장률**: 기본전망 대비 **+0.2%p 상승**
- **물가상승률**: 영향이 제한적

**2027년(내년) 영향:**
- **성장률**: 기본전망 대비 **+0.6%p 상승**
- **물가상승률**: **+0.2%p 상승**

이는 AI 확산, 수익모델 다변화로 반도체 수요가 강하고, 국내 업체의 신규 생산능력 확대 및 수율 개선으로 생산이 빠르게 증가하는 상황을 반영한 것입니다.","6
    시나리오 분석
▢ 향후 반도체 경기와 중동상황을 둘러싼 불확실성이 크다. 반도체 경기는 호조세가 이어지
       고 있으나 빅테크의 AI 투자 속도 조정에 대한 우려도 커지고 있다. 중동상황은 7월 이후
       군사적 긴장이 다시 고조된 가운데 협상 진전에 대한 불확실성이 확대되었다. 이에 반도체
       경기와 중동상황에 대한 시나리오를 설정하고 성장과 물가에 미치는 영향을 점검하였다.
    ① 반도체 시나리오 반도체 수출 증가세 추가 확대낙관 vs. 증가세 추가 둔화비관
     ▪[기본 ]  글로벌 인프라 투자가 지속적으로 확대됨에 따라 반도체 수출이 견조한
       증가세를 이어갈 전망이다 다만 생산능력은 점진적으로 늘어나면서 반도체 수출물
                                     AI
       량 증가율은 금년중 대 후반에서 내년중 대 초중반 수준으로 완만하게 둔화
                                                           .         ,
       될 것으로 예상된다
                                               10%                                            10%
                                               .
      ▪[수출 증가세 확대] 에이전틱       확산 수익모델 다변화 등으로 반도체 수요가
       예상보다 강한 가운데 국내 업체의 신규 생산능력 확대 및 수율 개선으로 생산도
                                                                AI               ,   AI
       빠르게 늘어나는 상황을 가정하였다. 이 경우 반도체 수출물량은 금년 내외
                                                       ,
       내년 대 중후반 수준의 증가세를 이어가면서 국내 성장률은 기본전망 대비
                                                                                                                                         20%                  ,
       올해 +0.2%p, 내년 +0.6%p 높아지고 물가상승률은 올해에는 영향이 제한적이겠으나
                      10%
       내년에는 +0.2%p 높아질 것으로 추정된다
                                                                             ,
                                                                                          .
      ▪[수출 증가세 둔화]       투자 수익화가 지연되고 차입비용 부담이 확대되면서 빅테크의
           투자 속도가 상당폭 조정되나 장기공급계약 등이 수요둔화 영향을 일부 완충
                                             AI
       하는 상황을 가정하였다 이 경우 반도체 수출물량은 금년 대 중반 내년
           AI                                                            ,
            내외 수준으로 증가세가 낮아지면서 국내 성장률은 기본전망 대비 올해
                                                            .                                                              10%                  ,
       -0.1%p, 내년 -0.4%p 낮아지고 물가상승률은 올해에는 영향이 제한적이겠으나 내
           10%
       년에는 -0.1%p 낮아질 것으로 추정된다
                                                                 ,
                                                                                      .
      <빅테크 자본지출 1) 전망>                                          <메모리반도체 가격 1)>                      <반도체 수출물량지수 추이>
           (십억달러)                     (십억달러)                                                               (전년동기대비, %)                (전년동기대비, %)
    1200                                           1200                                              50                                                 50
             5월 이후 조정폭               +41%
    1000                                           1000                                              40                    25년: 16%                     40
     800                      +93%                 800                                               30          24년: 9%                                30
     600                                           600                                               20                                                 20
                       +72%
     400                                           400                                               10                                                 10
              +55%
     200                                           200                                               0                                                  0
       0                                           0                                                -10                                                 -10
            2023    2024   2025   2026 e) 2027e)                                                          24.1      7      25.1   7      26.1       7
 주: 1) 아마존, 구글, 마이크로소프트,                                    주: 1) D램은 DDR5 16Gb, 낸드는                자료: 한국은행
       메타, 오라클 등 5개社 합산                                           128Gb MLC 기준
자료: Bloomberg                                              자료: DRAMeXchange, TrendForce
                                                                         < 요약 6 / 9 >|② 중동상황 시나리오 조기 진정낙관 vs. 교착상태 장기화비관
 ▪[기본]  미 이란 간 협상과 관련한 불확실성은 지속되겠으나 하반기중 호르무즈 해협
                      ·
  통항이 일부 재개되고 우회경로 중동 국가를 통한 원유공급도 확대되면서 공급                          ·非
  망 차질은 다소 완화되는 것으로 가정하였다 이에 따라 국제유가브렌트유는 하반기중
     달러 년 평균 달러 내년중 달러 수준으로 완만히 낮아질 전망이다
                                                                                             .
      84            (26              86            ),               74                                                                                     .
 ▪ [조기 진정] 미 이란 간 협상이       분기중 진전되면서 군사적 긴장이 완화되고
                                ·
   호르무즈 통항이 빠르게 회복되는 상황을 가정하였다 이에 따라 국제유가가 하반기
                                                                     3/4
   중 달러 년 평균 달러 에서 내년중 달러 수준으로 하락하는 것으로 전제하였
                                                                                                            .
   다 이 경우 국내 성장률은 기본전망 대비 올해 +0.1%p, 내년 +0.2%p 높아지고
               76         (26              82                )                     63
   물가상승률은 올해 -0.1%p, 내년 -0.3%p 낮아질 것으로 추정된다
           .                                                                                                                                                              ,
                                                                                                                                    .
 ▪ [교착상태 장기화] 미 이란 간 협상이 교착상태를 지속하다 내년중 점차 진전되는·
   한편 금년중 역내 군사적 긴장도가 높아지는 상황을 가정하였다 이 경우 연내
   호르무즈 통항 회복이 지연되고 우회경로를 통한 공급에도 일부 차질이 생기면서
                ,                                                                                                                            .
   국제유가가 하반기중 달러 년 평균 달러 까지 상승하겠으나 내년에는 협
   상이 진전되며 달러 수준으로 낮아질 것으로 전제하였다 국내 성장률은 기본전
                                                        95        (26                91           )                                              ,
   망 대비 올해 -0.1%p, 내년 -0.3%p 낮아지고 물가상승률은 올해 +0.1%p, 내년
                                     85                                                                                    .
   +0.4%p 높아질 것으로 추정된다
                                                                                                  ,
                                                                        .
           <호르무즈 통과 및 우회 물량 1)>                                                                         <국제유가 브렌트유 전제>
      (백만배럴, 주간평균)                          (백만배럴, 주간평균)                                     (달러/배럴)                                                 (달러/배럴)
 30                                                                           30    110                                                                             110
                                 호르무즈 통과물량                                                            26.8월 기본             조기 진정                     교착 장기화
 25                              호르무즈 외 통과물량                                  25                                                        95
                                                                                                                               88                     91
 20                                                                           20        90       83                                     84                          90
 15                                                                           15                       76                                             76       78
                                                                                                                 71
                                                                                                                      66                76
 10                                                                           10        70                                                                 72       70
  5                                                                           5                                                                       64   62
  0                                                                           0         50                                                                          50
      1월        2월    3월        4월        5월       6월        7월     8월                       24.상 하 25.상 하 26.상 하 27.상 하
 주: 1) 중동국가 기준                                                                     자료: Bloomberg, 조사국
자료: Kpler, 조사국 시산
                                                        <중동상황 시나리오별 주요 전제>
                                                기본 전망                                        조기 진정                                       교착 장기화
                                                   e)                    e)                  e)                       e)
                                     2026년                       2027년             2026년                2027년                  2026년e)                     2027년e)
 ▶ 브렌트유가                                  $86                     $74                $82                        $63                 $91                         $85
 ▶ 세계성장률1)                            3.0%                        3.2%             0.1%p↑               0.2%p↑                 0.1%p↓                      0.2%p↓
  주: 1) 세계성장률의 낙관, 비관 전제는 기본 전망 대비 변동폭
                                                                        < 요약 7 / 9 >",
"AI 인프라 투자가 급격히 중단될 경우, IT 부문의 글로벌 무역 성장 기여도 56%가 2010년대 평균 3.6% 수준으로 어떻게 변화할 것으로 전망되는가?",,"# 답변

보고서에서는 AI 인프라 투자 중단 시나리오에 대한 명시적 전망을 제시하지 않습니다. 

다만 현황을 보면, 금년 1~5월중 IT 부문이 세계 상품교역 성장에서 **56%의 기여율(명목기준)**을 차지하고 있으며, 이는 2010년대 장기평균 3.6%를 웃도는 증가세를 견인하고 있습니다. 

보고서는 오히려 **교역 증가가 반도체 등 일부 품목과 AI 공급망 참여국(미국·대만·한국·일본·아세안)에 집중**되어 있어, 현재의 호조가 세계경제 전반으로 확산되지 못하고 있다는 점을 지적하고 있습니다. 이는 AI 투자 변동에 따른 글로벌 교역의 취약성을 암시합니다.","Box 2             최근 세계교역의 양호한 흐름과 배경
 세계교역은 잇따른 대규모 충격에도 양호한 흐름을 이어가고 있다. 지난해부터 美관세정책이
강도 높게 시행되고 있는 데다, 금년 들어서는 호르무즈 해협이 사실상 봉쇄되면서 세계교역이
크게 위축될 것으로 예상되었다. 그러나 상품교역실질기준은 지난해 4.3%, 금년 1~5월중 5.4%
늘어나 2010년대 장기평균3.6%을 웃도는 증가세를 나타내었다.
  최근 세계교역 호조는 글로벌 AI투자 확대가 견인하고 있다.[그림 1] 빅테크 기업을 중심으로
AI 인프라 투자가 급증하면서 금년중1~5월중 세계 상품교역 성장에서 IT 부문이 차지하는 비중이
56%기여율, 명목기준에 달하였다. 다만 아직까지는 교역 증가가 반도체 등 일부 품목과 AI 공급망
참여국미국·대만·한국·일본·아세안에 집중되어 있어, 교역 회복세가 세계경제 전반으로 확산되었다고
보기는 어렵다.
  美관세인상이 세계교역에 미친 충격은 당초 우려보다 크지 않았던 것으로 판단된다. 각국은
트럼프 1기를 겪으면서 아세안·남미 등으로 생산기지를 확장[그림 2]하는 등 공급망을 다변화하
였는데, 그 결과 트럼프 2기에는 美관세인상 충격 이후 우회수출제3국 단순 조립가공 등로 빠르게
대응할 수 있었던 것으로 추정된다. 실제 미국 수입에서 중국이 차지하는 비중은 크게 하락19년대비
26.1~5월, -14.2%p한 반면, 아세안과 중남미 비중은 큰 폭 상승+12.2%p하였다. 또한 글로벌 기업들이
공급망 복원력 강화를 위해 안전재고Safety Stock 비축을 확대2)해 온 것도 충격 완화에 기여한 것
으로 판단된다.
 중동전쟁이 세계교역에 미친 영향도 주요국의 석유 의존도 하락, 공급차질에 대한 대응력
제고 등으로 당초 예상보다 작았다. 미국의 셰일오일, 여타 지역의 재생에너지 확대 등으로
대체 가능한 에너지원이 늘어난 데다, 호르무즈 봉쇄로 중동산 원유·가스 공급과 역내 교역
이 크게 위축된 상황에서도 대체 운송경로 확보[그림 3], 非중동 지역으로부터의 조달 확대 등
이 전쟁으로 인한 충격을 완충하였다.
 [그림 1] IT, 비IT 세계교역 기여도1)                           [그림 2] 지역별 FDI 순유입   [그림 3] 원유 호르무즈 통과 및 우회 물량1)
      (%p)                            (%p)                                     (백만배럴, 주간평균)   (백만배럴, 주간평균)
 10                                          10                           30                                 30
             비IT   IT                                                                    호르무즈 통과물량
                                                                          25             호르무즈 외 통과물량         25
  8                                          8
                                                                          20                                 20
  6                                          6
                                                                          15                                 15
  4                                          4
                                                                          10                                 10
  2                                          2                             5                                 5
  0                                          0                             0                                 0
      2017-2024    2024   2025   2026.1~5                                  26.1월
                                                                             1월 2월 3월     4월 5월   6월 7월 8월
  주: 1) 명목기준                                      자료: UNCTAD               주: 1) 중동국가 기준
 자료: WTO, UNCTAD, 모건스탠리,                                                  자료: Kpler, 조사국 시산
     조사국 시산
2) 기업의 에너지·원자재 재고축적은 2010년대 이후 확대되어 왔는데, 이러한 경향은 팬데믹, 러·우전쟁을 거치며
   더욱 강화되었다.
                                                                                                                  5|이처럼 AI투자 확대, 지정학적 리스크로 인한 우회수출 등으로 세계교역이 양호한 흐름을
    보이고 있으나, 교역이 성장에 미치는 영향은 과거보다 약화되었을 가능성이 있다. 반도체
    등 AI 관련 교역WTO기준의 약 67%25년가 아시아 지역에서 발생하고 있는데 이 중 약 60%는
    동남아시아 등 제3국을 경유하는 중간재 교역으로 구성되어 있다. 또한 美관세인상 이후
    단순 조립가공 위주의 우회수출도 동남아시아 등에서 다시 늘어나고 있다. 이처럼 국경을
    반복해서 넘나들며 가공되는 중간재 교역[그림 4]이 늘어나게 되면 통관기준 총교역액은 크게
    증가하지만 실제로 창출되는 부가가치는 이에 미치지 못하면서3) 양자간 괴리가 확대[그림 5]될 수 있다.
     한편, 미·중 갈등, 중동지역 불안 등 지정학적 리스크를 회피하기 위한 우회수출입 증가는
    부가가치 창출보다는 비용상승 [그림 6]을 수반한다는 점에서 글로벌 인플레이션에 미치는 부
    정적 영향 4)이 점차 확대될 수 있다.
    [그림 4] 중간재 역외 교역 추이1) [그림 5] 통관수출과 국제수지 간 증가율 차이1)       [그림 6] 해상운임 및 물류비용1)
                                                                 (2018=100)          (2018=100)
                                                           350                                    220
                                                                      글로벌 해상운임(좌축)
                                                           300        주요국 물류비용(우축)                200
                                                           250                                    180
                                                           200                                    160
                                                           150                                    140
                                                           100                                    120
                                                            50                                    100
                                                                 18     20    22     24      26
     주: 1) 역외 중간재 교역/역내 중간재    주: 1) 통관기준 상품교역(CPB)과 소유     주: 1) 글로벌 해상운임은 Clarksea 종합
           교역                        권기준 상품교역(BOP 활용 시산,          지수, 주요국 물류비용은 미국,
    자료: WTO, 조사국 시산                  GDP 수출과 유사) 간 증가율            독일 등 5개국 물류∙보관서비스
                                     격차를 비교(실질 기준)                PPI 가중평균치, 26년은 1/4
                              자료: WTO, CPB, IMF, 조사국 시산           분기 기준
                                                           자료: Clarksons Research, CEIC
3) 예를 들어, A국이 중간재 40을 B국에 수출, B국이 40의 부가가치를 더해 80을 C국에 수출, C국이 20의 부가가치를
   더해 최종재 100을 생산하는 경우 글로벌 부가가치는 최종재 100이 늘어나지만 총교역은 120(=40+80) 증가한다.
   이처럼 중간재 이동 단계가 늘어날 경우, 총교역 증가율과 부가가치 증가율 간 차이가 커질 수 있다.
4) 세계은행(2023), FRB(2025)는 무역갈등과 공급망 재편으로 인한 중간재 비용상승이 인플레이션에 지속적인 영향을
   준다고 분석하였다.
6",
"2025년 2분기부터 2027년 2분기 사이에서 전년 대비 GDP 성장률이 가장 높은 분기는 어느 것이며, 이것이 전망 궤적 내에서 어떤 의미를 갖는지 설명해주세요.",,"# 답변

**2026년 1분기의 3.8%가 가장 높은 GDP 성장률입니다.**

이 시기는 반도체 수출 호조에 따른 경기 개선이 내수로 파급되는 시점으로, 보고서에서 언급한 ""수요측 압력이 점차 확대""되는 국면을 반영합니다. 

구체적으로:
- **공급측 압력 완화**: 상반기를 주도했던 고유가 등 공급측 압력이 점차 완화되는 시점
- **수요측 압력 확대**: 반도체 경기 호조로 인한 교역조건 개선으로 실질국내총소득(GDI) 증가율이 GDP 성장률을 크게 상회하면서 가계와 기업의 실질구매력이 확대되는 시점

이후 2026년 2분기 3.7%, 2026년 4분기 3.3% 등으로 점진적으로 하락하는 궤적은 초기 수요 충격이 완화되는 정상화 과정을 의미합니다.","<참고>      향후 1년간 분기별 전망경로
     GDP 성장률
            전년동기대비 기준 전망경로 1)                     전기대비 기준 전망경로 1)
  주: 1) 과거 10년간 전망오차를 활용하여 불확실성을 시산, 음영은 가장 진한 음영부터 각각 30%, 50%, 70% 구간
 자료: 조사국, 경제모형실
                           2025                    2026                   2027e)
      (전년동기대비, %)
                    2/4     3/4   4/4    1/4   2/4     3/4e)   4/4e)
                                                                       1/4     2/4
     GDP성장률         0.7     2.1    1.6   3.8   3.7      2.6     3.3    2.4      2.6
     (전기대비)         0.6     1.4   -0.1   1.8   0.6      0.3     0.5    1.0      0.8
     자료: 조사국
     소비자물가 상승률
          전년동기대비 기준 전망경로 1)                    물가상승률 구성항목별 기여도
  주: 1) 과거 10년간 전망오차를 활용하여 불확실성을 시산, 음영은 가장 진한 음영부터 각각 30%, 50%, 70% 구간
 자료: 조사국, 경제모형실
                           2025                    2026                   2027e)
      (전년동기대비, %)
                    2/4     3/4   4/4    1/4   2/4     3/4e)   4/4e)
                                                                       1/4     2/4
     소비자물가 상승률      2.1     2.0   2.4    2.1   3.0      3.0     2.6    2.6      2.0
     • 근원물가1)       2.0     1.7   2.0    2.2   2.4      2.9     2.7    2.7      2.5
     주: 1) 식료품·에너지 제외 기준                                        자료: 국가데이터처, 조사국
30|이슈분석              수요주도 물가압력이 근원물가에 미치는 영향
                                             조사국 물가동향팀 정원석 차장, 장태윤1) 과장, 김상효 조사역2)
Ⅰ. 서론
1. 최근 반도체 수출 호조의 영향이 내수로 파급되면서 향후 물가경로에 있어 수요측
압력이 점차 커질 가능성이 있다.상반기 물가상승을 주도했던 고유가 등 공급측 압
력은 점차 완화되는 반면 반도체 수출 호조로 경기 개선세가 지속되면서 수요측 압
                                       ,
력은 점차 확대될 것으로 예상된다 특히 최근 국내 경제는 반도체 경기 호조에 따      .
른 교역조건 개선으로 실질         증가율이    성장률을 크게 상회하고 GDI실질국내총소득            GDP
있어 가계와 기업의 실질구매력 확대가 수요측 압력을 높이는 요인으로 작용할 가
          ,
능성도 커지고 있다                   .
2. 이에 따라 본고에서는 (1) 수요측 압력이 높으면서 근원물가도 높은 상승세를 보였
던 시기 이하 ‘수요주도 高근원물가기’의 특징을 살펴보고, (2) 수요측 압력의 확대가 근원물가에
미치는 영향을 정량적으로 평가하였다. 이는 공급측 충격이나 일시적 요인의 영향을
크게 받는 소비자물가     보다 이들 요인의 영향을 상대적으로 덜 받는 근원물
가가 수요측 압력을 평가하는 데 보다 적합하기 때문이다 구체적으로 과거 수요
                                  headline CPI
                                                                    .                 (1)
주도 근원물가기의 수요여건과 물가변동의 특징을 살펴보고 최근 국내 물가상황
              高                                                         ,
에 주는 시사점을 점검하였다 다음으로 비대칭 필립스곡선 국소투영         .               (2)             ,
모형 등을 활용한 계량분석을 통해 수요측 압력의 변화가 근원물가에 미치는 영향을
                                                                                            Local Projection
정량적으로 분석하였다                        .
Ⅱ. 수요주도 高근원물가기의 특징stylized facts
                                         갭률은
3. 본고에서는 수요측 압력을 나타내는 지표로 GDP갭률 3)을 사용하였다. GDP
한 경제의 수요실제 가 공급 능력잠재 을 얼마나 상회 또는 하회하는지를 나타내는
지표로 양 의 값이 클수록 경제 내 수요측 압력이 높은 것으로 해석할 수 있다
                            GDP                       GDP
              ,   (+)                                                                                      .
이에 따라 학계와 주요국 중앙은행에서도 수요측 압력을 측정하는 지표로 널리 활
용 하고 있다 본고에서는 실질 에 필터를 적용하여 잠재 를 추정한 후
     4)
                        .                        GDP        HP                  GDP
1) (現) 윤리경영실(사회공헌팀) 소속
2) 물가동향팀 강산 조사역이 보고서 작성에 도움을 주었다.
3) 이 GDP갭률은 한국은행 공식 GDP갭률과는 차이가 날 수 있다. 이 보고서에서 사용된 GDP갭률은 HP필터를 이용하여
   저자가 시산한 값이다.
4) 뉴케인지안 이론(Gali and Gertler, 1999; Woodford, 2003)에서는 GDP갭률이 확대될수록 생산요소의 한계비용이
   상승하고, 이는 기업의 가격인상으로 이어져 인플레이션을 높이는 것으로 설명하고 있다.
32",
"반도체 수출량/가격, AI 관련 제품 수출, 주식시장 조정, 시장 금리 변화가 2026년 성장률 전망을 0.7%p 상향 조정하는 데 어떻게 기여했는가?",,"# 2026년 성장률 상향조정 요인 분석

2026년 성장률 전망이 지난 5월 대비 **0.7%p 상향조정되어 3.3%로 전망**된 주요 요인은 다음과 같습니다.

## 긍정적 요인 (상향 기여)
- **반도체 수출**: 반도체 수출 물량·가격이 예상을 상회
- **AI 관련 제품**: AI 연관 품목 수출 확대

## 부정적 요인 (하향 기여)
- **주식시장 조정**: 증시 조정으로 인한 소비 영향
- **시장금리 상승**: 금리 인상에 따른 경제 둔화 요인

결과적으로 반도체 경기 호조와 AI 수출 확대라는 **공급 측면의 긍정적 요인**이 주식시장 조정과 금리 상승 등의 부정적 요인을 상쇄하여 전체 성장률 전망을 상향조정하게 되었습니다.","올해 성장률, 지난 5월 전망대비 0.7%p 상향조정된 3.3%로 전망
  [그림 2.4] 26년 성장전망 조정(요인별 Main Driver)        [그림 2.5] 26년 성장전망 조정(지출부문별)
 주: 1) 반도체 수출 물량·가격 예상 상회, AI연관 품목 수출 확대           2) 25년 및 26.1/4분기 잠정치 상향 수정
    3) 증시 조정, 시장금리 상승 등                            4) 지식재산생산물투자, 재고증감 등
2-2.   부문별로 보면, 민간소비는 소득여건 개선에 힘입어 회복 흐름을 이어갈 전망이다.
민간소비는 분기중 일부 기업의 환급행사와 정부정책 등에 힘입어 재화와 서비스
           2/4
모두 양호한 증가세를 이어갔다 분기 들어 증시 조정의 영향이 민감도가 높은
                               .   3/4
재량재준내구재 등를 중심으로 일부 나타났으나 유가부담 완화 일부 신제품 출시 ,              ,         IT
호조 등으로 완만한 회복 흐름이 이어지고 있는 것으로 판단된다 향후에도 민간소비                  .9)
는 반도체 경기 호조의 영향이 가계의 소득여건 개선으로 나타나면서 회복세가 지속
될 것으로 예상된다 이에 따라 민간소비는 금년중 전년대비
                     .10)            내년에는                     2.1%,         2.3%
증가할 전망이다         .
                                          반도체 경기 호조에 따른 소득여건 개선,
민간소비, 회복 흐름 지속
                                          소비 회복세 뒷받침 전망
       [그림 2.6] 소비심리 및 카드사용액 1)2)                 [그림 2.7] 소득여건 및 민간소비
  주: 1) 실질 기준, 점선은 분기 평균                   주: 1) ‘취업자수×1인당평균임금/소비자물가’로 시산
     2) 8월은 1~14일 기준                          2) 26~27년은 조사국 전망
 자료: 한국은행                                 자료: 한국은행
9) 보다 자세한 내용은 BOX 4 「최근 증시 조정의 소비 영향」을 참고하기 바란다.
10) 다만, IT 수출 호조의 수혜가 특정 부문에 집중되어 있어 전반적인 소비 확대로 이어지기까지는 다소 시간이
    걸릴 수 있다.
                                                                                 13|Box 4        최근 증시 조정의 소비 영향
  최근 증시 조정으로 그간 이어져 온 소비 회복세가 약화될 수 있다는 우려가 높아졌다. 이에
 최근 신용카드 지출액 흐름을 통해 주가 하락의 소비 영향을 가늠해 보았다.
  먼저 최근 증시 조정의 규모를 보면, 과거 주가 급락 사례와 비교하여 작지 않은 수준이다.[표 1]
 지난 2/4분기말대비 8월 중순20일 종가기준까지의 KOSPI 하락률-19.2%은 1995년 이후 분기 기준으로 외
 환위기, 닷컴버블, 글로벌 금융위기 등에 이어 역대 여섯 번째로 컸으며, 증시 변동성VKOSPI은 통계
 작성 이래 가장 높은 수준을 기록했다. 특히 금년 들어 가계의 주식시장 참여가 크게 확대되면서
 조정 시점까지 가계 주식 순매입액26.1월~8.20일 누계 약 150조원은 과거 어느 조정기보다 큰 규모이다.
                                [표 1] 과거 주요 주가 1) 조정기
                                                          하락폭 2)                                     가계 순매입
         시기              배경                                                          변동성 3)
                                               (QoQ, %)      (최대낙폭, %)                               규모(조원)4)
     1997.4/4     외환위기                         -41.8               -55.1                     ..      8.5 (3.0%)
     2000.3/4     닷컴버블                         -25.3               -36.4                     ..      2.2 (0.7%)
     2008.4/4     글로벌 금융위기                     -22.3               -43.7                  62.4       5.3 (1.0%)
     2026.3/45)   AI 투자 수익성 우려 등               -19.2               -38.6                  78.0     150내외 (10%대)
     주: 1) KOSPI지수 기준 2) QoQ는 분기말 기준, 최대 낙폭은 해당 조정기간중 최고점대비 최저점 기준
        3) VKOSPI 기준 4) 자금순환표 기준 최근 3분기 누계, 26년은 1.1~8.20일기준 자체 추정, ( )내는 가계총처분가능소득대비
        5) 26.6월말대비, 8.20일 기준                                 자료: 한국은행, KRX, 조사국 추정
  증시 조정 이후 소비 흐름을 보면 주식 자산효과 노출도가 높은 품목11)에서 주가 조정의 영향
 이 관찰된다. 품목별 신용카드 지출액을 활용한 분석 결과, 주가 하락이 시작된 6월 이후 필수재
 지출대비 백화점·준내구재 등의 소비 증가세가 예년보다 유의하게 둔화된 것으로 나타났다.12)[그림 1]
 그러나 과거 주가 조정 국면에서 단기간에 전체 민간소비가 빠르게 위축[그림 2]되었던 점과 비교
 할 때 아직 그 영향이 크게 나타나지는 않은 것으로 판단된다.13) 조정이 시작된 이후에도 소비
 자심리지수가 과거 평균을 상회하는 양호한 수준을 이어갔으며, 전체 카드사용액이 기저효과 등
 을 감안할 때 증가세가 크게 낮아지지 않은 점도 이러한 결과와 일맥상통한다.
        [그림 1] 주식 자산효과 민감품목 상대 소비 흐름 1)                                                   [그림 2] 과거 평균적인
     <필수재대비 백화점·준내구재>       <세부 품목별>                                                        주가의 소비 영향 1)
                                          (%)                                         (주가 10% 하락시 소비반응, %)
                                                                               1
                                  비내구재
                               기타 유통업태                                         0
                                    의복
                               여타 서비스 등                                        -1
                                  오락용품
                                   백화점                                         -2
                                기타준내구재
                                                                               -3                            전체 하락기
                                  신발가방
                                                                                                             20% 이상 하락기
                                          -8     -6      -4  -2   0        2   -4
                                                       : 준내구재∙백화점                   Q+0      +2      +4        +6     +8
  주: 1) 필수재대비 백화점·준내구재 지출 흐름이 과거 평균보다 얼마나 낮은지                                   주: 1) 음영은 20%이상하락기의 90%
        를 나타냄. 8월은 1~14일 수치를 월로 환산. 음영은 90% 신뢰구간                                      신뢰구간
 자료: 조사국 추정                                                                    자료: 조사국 추정
11) Brown‧Wright(2023), 우철민 외(2013) 등은 주식 자산효과가 백화점, 내구재, 준내구재, 여행 등 재량재에서
    주로 나타나는 것으로 분석하였다. 본고에서는 내구재의 경우 일부 업체 할인행사, 개별소비세 인하종료 등
    에 따른 교란요인을 제거하기 위해 처치군에서 제외하였다.
12) 2015~26년중 월별 실질 신용카드 지출액을 활용하여, 백화점·준내구재(의복, 신발 등) 등 처치군과 필수재(마트,
    병원, 통신비 등) 대조군의 1~5월대비 6~8월 지출 변화를 예년의 변동과 비교하는 삼중차분법으로 추정하였
    다. 위약(placebo) 검정 결과 다른 연도에서는 처치군의 지출 변화가 유의하지 않았다.
13) 5변수 recursive VAR(데이터: 1992~2025년, 분기)을 활용하여 주가 충격을 식별한 뒤 국소투영법으로 소비 반응
    을 추정해 보면, 과거 평균적으로 실질 주가 10% 하락시 민간소비는 1분기 이내에 1% 이상 하락하고, 주가가
    20% 이상 하락하는 대규모 조정에서는 소비 위축 정도가 더 커지는 것으로 나타난다. 서로 다른 모형의 결과
    를 직접 비교하기는 어렵지만, 삼중차분 분석 결과([그림 1], 약 6%)와 백화점·준내구재 등 비중(6.4%)을 감안하면
    금년 6~8월중 소비는 주식 자산효과 민감품목을 중심으로 기간중 0.3~0.4%가량 감소한 것으로 추정되는데, 이는
    과거 평균적인 영향보다 훨씬 작은 수준이다.
14",
반도체 장비 수입과 수출 확대가 2026년 한국의 관세 수입 증가 궤적을 어떻게 함께 견인하는가?,,"# 반도체 장비 수입·수출과 2026년 통관수입 증가

2026년 한국의 통관수입 증가는 반도체 관련 수입·수출 확대가 함께 견인하고 있습니다.

**수입 측면:**
- 2025년 2/4분기 통관수입은 전년동기대비 **22.3% 증가**했으며, 이는 **반도체 및 반도체제조용장비, 에너지 수입** 중심으로 이루어졌습니다.
- 향후 통관수입은 **수출 및 설비투자 확대의 영향**으로 **자본재를 중심으로 증가세**를 나타낼 전망입니다.

**수출 측면:**
- 상품수출은 2026년 상반기 **48.2% 증가**, 하반기 **61.4% 증가**로 반도체 가격 급등에 힘입어 큰 폭 증가할 것으로 예상됩니다.
- 이는 글로벌 AI 투자 확대에 따른 반도체 수요 증가와 공급 제약으로 인한 가격 급등에 기인합니다.

결과적으로 반도체 수출 호조가 경상수지 흑자를 견인하면서, 동시에 반도체 장비 등 자본재 수입 확대가 통관수입 증가를 함께 주도하는 선순환 구조를 형성하고 있습니다.","2-8. 통관수입명목금액은 수출 및 설비투자 확대에 힘입어 자본재 중심으로 상당폭 증가할
전망이다.통관수입은 분기중 반도체 및 반도체제조용장비 에너지 수입 등을 중심
              2/4                   ,
으로 전년동기대비     늘어나 전분기 대비 증가세가 확대되었으며 월에도
                              22.3%                                                                         ,   7
   증가하였다 향후에도 통관수입은 수출 및 설비투자 확대의 영향이 이어지면서
                                                          11.1%
26.5%                     .
자본재를 중심으로 증가세를 나타낼 전망이다                                           .
통관수출, 반도체·컴퓨터 호조로 증가세 큰 폭 확대                               통관수입, 원자재 및 자본재 중심으로 증가세 확대
         [그림 2.16] 통관수출 품목별 기여도                                        [그림 2.17] 통관수입 품목별 기여도
        (전년동기대비, %, %p) (전년동기대비, %, %p)                               (전년동기대비, %, %p)           (전년동기대비, %, %p)
  70                                                70        30                                                     30
          반도체    컴퓨터      자동차
  60                                                60                   원자재            자본재
          화공품    철강제품 기계류                                     25                                                     25
                                                                         소비재            수입 증감률
  50      석유제품 선박         기타                        50        20                                                     20
  40                                                40        15                                                     15
  30                                                30        10                                                     10
  20                                                20            5                                                  5
  10                                                10            0                                                  0
   0                                                0         -5                                                     -5
 -10                                                -10      -10                                                     -10
        24.3/4   25.1/4       3/4    26.1/4    7월                     24.3/4   25.1/4     3/4      26.1/4       7월
자료: 관세청                                                    자료: 관세청
                                               <경제성장 전망 1)>
                                                                                                     (전년동기대비, %)
                                    2025                  2026                                     2027e)
                                    연간         상반         하반e)           연간e)            상반         하반            연간
                                     1.1       3.8         3.0            3.3            2.5        3.2           2.9
GDP 성장률1)
                                              <3.3>       <2.0>          <2.6>          <1.6>      <2.6>         <2.1>
                                    1.5        2.6         1.7            2.1            2.0        2.5           2.3
• 민간소비
                                              <2.6>       <1.5>          <2.0>          <1.8>      <2.3>         <2.1>
                                    -9.7       -1.5        1.8            0.2            2.6        1.3           1.9
• 건설투자
                                              <-0.4>      <1.6>          <0.6>          <1.3>      <1.7>         <1.5>
                                    1.5        5.4         8.3            6.8            4.7        4.7           4.7
• 설비투자
                                              <4.4>       <4.3>          <4.4>          <2.6>      <2.8>         <2.7>
                                    3.0        3.7         3.7            3.7            3.0        3.4           3.2
• 지식재산생산물투자
                                              <2.8>       <4.1>          <3.5>          <3.6>      <2.4>         <3.0>
                                    3.3        10.8        8.7            9.7            4.8        4.5           4.6
• 재화수출
                                              <7.5>       <2.4>          <4.9>          <1.2>      <5.3>         <3.3>
                                    1.9        9.7         9.9            9.8            5.3        4.0           4.6
• 재화수입
                                              <3.9>       <2.1>          <3.0>          <3.7>      <3.4>         <3.5>
주: 1) < >내는 2026.5월 전망 기준                                                                                   자료: 조사국
                                                                                                                           19|경상수지
2-9.         경상수지는 금년중 반도체 수출 호조에 힘입어 흑자규모가 크게 확대될 전망이다.
경상수지 흑자규모는 상반기 누적 억달러로 지난해 연간 경상수지 흑자규모 억달러를         1,910
넘어섰다 앞으로도 상품수지는 글로벌 투자 확대에 따른 반도체 수요 증가와 공
                                                                                                                               1,231
               .                                                  AI
급 제약으로 인한 가격 급등에 힘입어 대규모 흑자를 나타낼 전망이다 서비스수지의                                                                     .
경우 최근 외국인 여행객 유입 호조세에도 불구하고 제조업 호조에 따른 해외 지식                                        ,    IT
재산권 사용료 지급 증가 등으로 적자폭이 소폭 확대될 것으로 판단된다 이에 따라                                                                             .
경상수지 흑자규모는 올해와 내년 각각 억달러 억달러로 예상된다                                  4,500                ,    4,300                              .17)
상품수출, 반도체 가격 급등으로 큰 폭 증가                                               경상수지, 상품수지 중심으로 높은 흑자수준 지속
      [그림 2.18] 상품수출과 반도체 수출물가지수                                                                  [그림 2.19] 경상수지
             (억달러)                             (2020=100)                           (억달러)                            (억달러)
     1200                                                     300           5,000                                                   5,000
                   상품수출(좌축)                                                                  상품수지
                             1)
                   반도체수출(좌축)                                                4,000            서비스수지                                  4,000
                   반도체수출물가지수(우축)                                                             본원·이전소득수지
      800                                                     200           3,000            경상수지                                   3,000
                                                                                             무역수지
                                                                            2,000                                                   2,000
      400                                                     100           1,000                                                   1,000
                                                                               0                                                    0
        0                                                     0           -1,000                                                    -1,000
                                                                                                                         e)    e)
            25.1     4        7   10    26.1     4        7                             17 18 19 20 21 22 23 24 25 26 27
 주: 1) 통관기준                                                            자료: 한국은행
자료: 한국은행, 관세청
                                                      <경상수지 전망 1)>
                                                                                                                              (억달러, %)
                                                                                                                    e)
                                   2025                            2026                                      2027
                                                                       e)                    e)
                                   연간            상반               하반            연간      상반                    하반               연간
                                   1,231         1,910            2,590         4,500   2,375                1,925             4,300
     경상수지
                                                <1,515>           <985>        <2,500> <1,108>               <792>            <1,900>
     • 상품수지                        1,381         1,938            2,733         4,672   2,529                2,059             4,589
                                                <1,616> <1,056> <2,672> <1,256>                              <899>            <2,155>
                         2)
            수출(통관)                 7,093          4,961           6,046         11,007              5,973    5,726            11,699
                                   (3.8)          (48.2)          (61.4)        (55.2)              (20.4)   (-5.3)            (6.3)
            수입(통관)2)               6,319          3,587           4,037          7,624              4,055    4,178            8,233
                                   (0.0)          (16.8)          (24.3)        (20.7)              (13.0)    (3.5)            (8.0)
     • 서비스수지                       -345            -118            -252          -370                -216    -255              -471
                                                <-153>            <-203>       <-356>              <-198>    <-234>           <-433>
     • 본원·이전소득수지                       195           89             108             198               62      121               183
                                                  <52>            <131>         <184>               <50>     <127>            <177>
 주: 1) < >내는 2026.5월 전망 기준                           2) ( )내는 전년동기대비 증가율                                        자료: 조사국
17) 다만 향후 반도체 가격경로의 불확실성이 매우 커, 전망의 상·하방 리스크는 상당한 수준으로 평가된다.
20",
"GDI 증가로 인한 교역조건 개선이 핵심 인플레이션에 미치는 상향 압력은 몇 %p이며, 이러한 전달 메커니즘이 작동하기 위한 조건은 무엇인가?",,"# 답변

## GDI 증가로 인한 상향 압력

교역조건 개선에 따른 GDI 증가가 근원물가에 미치는 추가적인 상방압력은 **약 0.05~0.2%p**로 추정됩니다.

## 전달 메커니즘의 작동 조건

이러한 물가압력이 실제로 발생하기 위한 핵심 조건은 **늘어난 소득이 국내 민간소비로 파급되는 것**입니다. 

구체적으로:

1. **소비 확대로의 전환**: 가계와 기업이 소득 증가를 일시적으로 인식하여 저축이나 자산취득에 머물지 않고, 국내 소비로 전환되어야 합니다.

2. **시차를 통한 파급**: 보고서에 따르면 GDI 개선은 당기에 초과저축이 확대된 후 **1~2분기의 시차를 두고 소비가 증가**하는 경향을 보입니다.

3. **파급 속도와 규모**: 늘어난 소득이 국내 민간소비로 **얼마나 빠르게, 어느 정도 규모로 파급되는지**에 따라 실제 물가 영향이 결정됩니다.

따라서 수출 호조와 교역조건 개선에 따른 소득 증가가 국내 소비로 파급되는 **속도와 강도를 면밀히 점검**하는 것이 중요합니다.","의 분석 결과와도 일관된다 이를 종합하면 교역조건 개선으로
(2026)                           .   충격이         ,                   GDI
한단위 발생하여 주로 수요를 높이는 방향으로 작용할 경우 근원물가에는 약
      의 추가적인 상방압력이 발생할 수 있는 것으로 추정된다
0.05~0.2%p                                                    .21)
GDP 수요충격보다 GDI 수요충격이, 수입가격 하락보다 수출가격 상승 충격이 근원물가에 미치는 영향이 큼
                                                                      1)
[그림 16] GDI 수요충격1)이 근원물가에 미치는 누적 영향2) [그림 17] 수출가격 상승 충격 vs 수입가격 하락 충격 이
                                               근원물가에 미치는 누적 영향
 주: 1) 부호제약 BVAR로 식별한 한단위 수요충격          주: 1) 부호제약 BVAR로 식별한 한단위 수요충격
    2) 음영은 68% 신뢰구간을 의미                    2) 음영은 68% 신뢰구간을 의미
자료: 저자 추정                              자료: 저자 추정
19. 다만 교역조건 개선에 따른 GDI 증가가 실제 물가압력으로 이어지는 정도는 늘어
난 소득이 국내 소비를 얼마나 증대시키느냐에 달려있다.가계와 기업이 교역조건 개
선에 따른 소득 증가를 일시적인 것으로 인식해 저축 및 자산취득을 늘리거나 수입
소비를 증대시키는 경우 국내생산과 물가에 미치는 영향은 제한적일 수 있다 이러
                       ,                                                     .
한 특성으로 인해 는 에 비해 근원물가와의 동행성이 다소 낮게 나타나는
                 GDI       GDP
반면 일정한 시차를 두고 소비와 투자 확대로 이어지는 경향이 있다
      ,                                  실제로                   .
                                                                   [그림 18]
  가 크게 증가한 시기에는 당기에 초과저축
GDI                          이 확대된 뒤 분기의 시차                    1~2
를 두고 소비가 증가하는 모습 이 관찰된다
                                           기업유보 등
                             [그림 19]
                                             .
GDI 개선은 당기 저축 확대 후 1~2분기 시차를 두고 소비를 늘려 물가상방 압력으로 작용
 [그림 18] GDI갭률과 수요갭 간 시차상관관계           [그림 19] 소득 1)과 저축, 소비 간 시차상관관계
자료: 저자 추정                               주: 1) 명목국민총가처분소득(GNDI) 기준
                                       자료: 저자 추정
21) 이러한 판단은 高수요압력 국면에서 GDI 충격에 따른 근원물가 영향의 최대 수준(0.7%p)이 GDP 충격에 따른 영향
    (0.6%p)에 비해 1.2배가량 큰 점, 최근 교역개선이 수출가격 상승에 주로 기인하는 점 등을 종합적으로 고려한 것이다.
                                                                                 41|Ⅳ. 종합평가
20. 과거 수요주도 高근원물가기의 경험과 최근 여건을 종합하면, 향후 국내 근원물가
는 수요측 물가압력이 점차 확대되면서 2% 중후반의 높은 오름세가 상당기간 이어질
가능성이 있다.과거 수요주도 근원물가기에는 소비여력 개선에 따른 소비 호조와
                  高
함께 비용상승의 가격전가가 보다 용이해지면서 가격상승이 일부 품목에 그치지 않
고 여타 품목으로 빠르게 확산되는 모습이 나타났다 최근에도 여행 숙박 음식 등
                                      .        ·       ·
개인서비스 품목이 근원물가 상승을 주도하고 있어 물가상승의 확산 정도와 지속
                                  ,
성이 함께 커질 가능성이 높은 것으로 판단된다     .
21. 특히 근원물가 상승률이 일정 수준을 넘어설 경우 품목 간 가격상승의 동조성이
                          과거 사례를 보면 근원물가 상승
높아지면서 물가압력이 더욱 확대될 가능성이 있다.
률이    내외를 상회하는 시점부터 개인서비스를 중심으로 가격상승의 동조성이
     2.5%
빠르게 강화되는 경향이 나타났다 최근 근원물가 상승률이 이미 대 중반 수준에
                          .               2%
서 오름세를 보이고 있는 만큼 향후 가격 상승세가 다른 품목으로 확산되면서 전
                  ,
반적인 근원물가의 상방압력이 더욱 강화될 가능성에 유의할 필요가 있다             .
22. 앞선 분석에 따르면 GDP갭률이 1%p 확대될 경우 근원물가 상승률은 약
0.1~0.4%p 높아질 수 있으며, 교역조건 개선에 따른 GDI 증가가 소비 확대로 이어질
                                  다만 증가가
경우 약 0.05~0.2%p의 추가적인 상방압력이 더해질 가능성이 있다.     GDI
실제 물가에 미치는 영향은 늘어난 소득이 저축이나 자산취득 등에 머무르지 않고
국내 민간소비로 얼마나 빠르게 또 어느 정도 규모로 파급되는지에 따라 달라질
                      ,
것으로 판단된다    .
23. 따라서 향후 물가 흐름을 판단함에 있어 경기회복 자체뿐 아니라 수출 호조와 교
역조건 개선에 따른 소득 증가가 국내 소비로 파급되는 속도와 강도를 함께 면밀히
점검하는 한편, 수요측 압력으로 인한 근원물가 상승이 광범위하게 확산되어 고착화되
지 않도록 유의해야 할 것이다.
42",
중동 분쟁의 영향과 약한 제조업·건설업 부문(특히 300명 미만 기업)이 고용 증가세 둔화(190K에서 140K로)를 어떻게 설명하는가?,,"# 고용 증가세 둔화 원인 분석

**중동 분쟁의 영향과 취약 부문 부진이 고용 증가 둔화를 초래했습니다.**

## 주요 원인

**1. 민간고용 개선 부진**
- 중동전쟁 영향이 지속되면서 민간고용 개선세가 예상보다 더딘 상황 반영
- 5월 전망 대비 4만명 하향조정

**2. 제조·건설업 취약부문 중심 부진**
- 제조업과 건설업에서 **300인 미만 중소규모 기업을 중심으로 부진** 심화
- 이들 부문이 전체 고용 증가를 제약하는 주요 요인

**3. 종사상 지위 악화**
- 상용직 임금근로자는 증가세 회복했으나
- **임시·일용직은 감소 흐름 지속**으로 전체 고용 증가폭 축소

## 결과
이러한 요인들이 복합적으로 작용하여 **2025년 취업자수 증감이 19만명에서 14만명으로 둔화**되었으며, 다만 하반기에는 중동전쟁 영향 완화와 경기 개선으로 민간고용 회복이 예상됩니다.","고용
2-12.                       취업자수전년동기대비는 공공일자리가
              고용은 6월 이후 완만한 회복 흐름을 보였다.
늘어난 데 주로 기인하여 월 증가 전환한 이후 그 폭이 확대되었다 반면 민간고용은
                                     6                                                                          .            ,
중동전쟁 영향 지속 등으로 제조업과 건설업의 취약부문규모 인 미만을 중심으로 부진
한 모습을 보였다 종사상 지위별로는 상용직 임금근로자가 증가세를 회복한 반면
                                                                                                    300
                           .
임시 일용직은 감소 흐름을 이어갔다
        ·                                                 .
제조·건설업 고용은 중소규모 중심으로 부진                                               상용직 증가폭 확대, 임시·일용직 감소 지속
     [그림 2.26] 산업 ·규모별 취업자수                                               [그림 2.27] 종사상 지위별 취업자수
             (전년동월대비, 만명)       (전년동월대비, 만명)                                        (전년동월대비, 만명)               (전년동월대비, 만명)
   20                                                         20           60                                                         60
                   제조 300인 미만    제조 300인 이상                                                상용근로자               임시·일용근로자
                   건설 300인 미만    건설 300인 이상
   10                                                         10           40                                                         40
    0                                                         0            20                                                         20
  -10                                                         -10           0                                                         0
  -20                                                         -20      -20                                                            -20
            24.1     7   25.1    7         26.1       7                         25.1       4    7         10    26.1     4        7
자료: 국가데이터처                                                           자료: 국가데이터처
2-13.         취업자수 증가규모는 금년중 14만명으로 지난해+19만명보다 둔화될 전망이다. 고용률은
                          올해 취업자수 전망치는 중동전쟁
62.9%로 지난해 수준을 유지할 것으로 예상된다.
영향이 지속된 가운데 건설업 등 취약업종의 고용 부진으로 민간고용 개선세가 예상
보다 더딘 점을 반영하여 지난 월 전망 대비 만명 하향조정하였다 다만 하반기에       5                             4                                   .
는 중동전쟁의 영향이 점차 완화되고 경기 개선세도 지속됨에 따라 민간고용이 회
복세를 나타낼 전망이다 향후 전망경로에는 일부 유통업체 회생절차 진행 상황 취
                                 .                                                                                                        ,
약부문의 고용회복 정도 등이 리스크로 잠재해 있다                                                            .
                                                      <고용 전망 2)>
                                                                                                                                 (만명, %)
                                                                                                                        e)
                                2025                                2026                                         2027
                                                                       e)                  e)
                                연간                상반                하반              연간          상반                  하반            연간
                                 19                  11                18              14          23                  17            20
 취업자수 증감1)
                                                    <18>              <19>            <18>        <17>                <18>          <17>
                                     2.8             3.2               2.6             2.9         3.1                 2.6           2.8
 실업률
                                                   <3.1>             <2.6>           <2.8>       <3.0>               <2.6>         <2.8>
    (S.A.)                           -               2.8               2.9               -         2.8                 2.8             -
                                  62.9              62.5              63.2            62.9        62.8                63.3          63.0
 고용률3)
                                [69.8]            [69.7]            [70.3]          [70.0]      [69.9]              [70.4]        [70.1]
  주: 1) 전년동기대비 2) < >내는 2026.5월 전망 기준                                       3) 15세 이상, [        ]내는 15~64세(OECD기준)
 자료: 국가데이터처, 조사국
                                                                                                                                              23|Ⅰ. 국내외 여건 및 전망
                       3. 전망의 리스크 평가
 목 차
주요 리스크 요인 ··························································· 26
시장의 전망 분포 ··························································· 26
시나리오 분석 ································································· 27
<참고> 향후 1년간 분기별 전망경로 ························ 30",
2026년의 2.7% CPI와 2.5% 핵심 인플레이션 전망이 비용 충격 전이와 수요 압력 확대에 의해 어떻게 주도되는가?,,"# 2026년 물가 전망 분석

**소비자물가(2.7%)**
2026년 소비자물가 2.7% 상승은 비용충격의 지속적 전이와 수요압력의 점차적 확대에 의해 주도됩니다. 특히 반도체 수출 호조에 따른 경기 개선세가 수요측 압력을 확대시키는 요인으로 작용합니다.

**근원물가(2.5%)**
근원물가는 2.5%의 높은 상승세를 지속할 전망입니다. 이는 비용충격이 내구재 등을 중심으로 전이되고 있으며, 동시에 수요측 압력이 더해지고 있기 때문입니다.

**하방요인**
다만 국제유가 흐름이 주요 하방요인으로 작용하면서, 2026년 물가 상승률은 2025년 2.1%보다는 높지만 관리 가능한 수준으로 예상됩니다.","▢ 금년중 소비자물가는 비용충격의 전이가 지속되고 수요압력도 점차 확대됨에 따라
 2.7%5월 전망 부합 상승할 것으로 예상된다.
 § 내년 소비자물가 상승률은 국제유가 흐름이 주요 하방요인으로 작용하면서 금년
   보다 낮은 를 나타낼 것으로 예상된다
              2.3%                                  .
 § 근원물가 상승률 은 비용충격이 내구재 등을 중심으로 전이되고 수요측 압력도
   더해짐에 따라 금년과 내년 모두 의 높은 상승세를 지속할 전망이다
                                     2.5%                                               .
     <소비자물가 상승률 전망경로>                                    <근원물가 상승률 전망경로>
 자료: 국가데이터처, 조사국
▢ 올해 경상수지 흑자규모는 반도체 수출 호조에 힘입어 사상 최대 수준인 4,500억달러
 종전 최대치 2025년 1,231억달러를        기록할 것으로 예상된다.
      는 글로벌 투자 확대에 따른 반도체 수요 증가와 공급 제약에 따른
 § 상품수지
  가격 급등으로 대규모 흑자를 나타낼 전망이다 서비스수지의 경우 외국인 관광객
                          AI
  유입 호조에 따른 여행수지 개선에도 해외 지식재산권 사용료 지급 증가 등으로
                                                         .
  적자폭이 소폭 확대될 것으로 예상된다                          .
▢ 금년중 취업자수 증가규모는 +14만명으로 지난해 +19만명보다 증가세가 둔화될 것으로
 예상된다. 고용률 62.9%은 지난해 수준을 유지할 전망이다.
         는 중동전쟁의 영향 건설업 등 취약업종의 부진으로 지난 월
 § 금년 취업자수
  전망을 만명 하회할 것으로 예상된다 다만 하반기에는 중동전쟁의 영향이 점차
                                      ,                                                     5
  완화되고 경기 개선세가 지속됨에 따라 민간고용이 회복세를 나타낼 전망이다
          4                                 .
                                                                                                .
                                <물가·경상수지·고용 전망1)>
                                    2025                    2026e)          2027e)
   소비자물가 상승률(%)                       2.1                  2.7 [2.7]       2.3 [2.3]
    • 근원물가 상승률(%)                     1.9                  2.5 [2.4]       2.5 [2.3]
   경상수지(억달러)                        1,231               4,500 [2,500]   4,300 [1,900]
   취업자수 증감(만명)                        19                   14 [18]         20 [17]
   고용률(%)                            62.9                    62.9            63.0
   주: 1) [ ]는 26.5월 전망치                                             자료: 국가데이터처, 조사국
                                    < 요약 4 / 9 >|6
    전망의 리스크
▢ 향후 성장 전망경로에는 AI 투자 속도, 중동상황 등과 관련한 불확실성이 크며, 물가의
     경우 국제유가 및 환율 움직임, 수요측 압력 등이 리스크 요인이다.
                상방리스크                                      하방리스크
      ▪ AI 확산에 따른 반도체 관련 수출·투자                    ▪AI 수익성 우려에 따른 실물 투자 조정
        증가세 확대                                     및 금융시장 변동성 확대
    성 ▪ 중동지역 긴장 완화 및 에너지 공급망
                                                  ▪중동지역 긴장 재고조
    장   정상화
             ▪ IT 호황의 여타부문 파급낙수효과 확대              ▪美 통상압력 및 관세부담 확대
             ▪ 중동상황 악화로 인한 국제유가 상승                ▪유가 및 환율 하락폭 확대
    물
    가
             ▪수요측 물가압력 확산                         ▪정부 물가안정대책 강화
                           < 주요 예측기관의 성장・물가 전망 분포 >
    ▢ 주요 예측기관의 2026년 국내 성장 전망은 지난 5월 조사시점 대비 큰 폭 상향조정
         되었으며, 물가 전망치 중윗값는 소폭 상향되었다. IB                       등 시장참가자들의 올해 국내
         성장률 전망의 중윗값은 월 조사 대비                               높아진 3.2%로 소비자물가 상승률
         의 경우 월 조사 대비      높아진                              로 나타났다
                       5         0.7%p  2.5%                              ,
              5           0.1%p
                           2.6%   2.7%                                .
                      <2026년 국내 성장률 및 소비자물가 상승률 전망 분포1)>
                      GDP 성장률                                   소비자물가 상승률
             25.11월                                    25.11월
      조사시점
             26.2월                                     26.2월
             26.5월                              조사시점
                                                       26.5월
             26.8월
                                                       26.8월
                      2026년 GDP 성장률 전망(%)                        2026년 물가상승률 전망(%)
     주: 1) 40개 내외 기관 기준
    자료: Bloomberg 서베이(8.10일)
                                        < 요약 5 / 9 >",
"H1 2024년 재정지출의 전년 대비 증가율은 얼마이며, 견고한 세수와 정부 정책 방향을 고려할 때 H2 2024년과 2025년의 성장률을 어떻게 전망하는가?",,"# 재정지출 증가율 및 전망

**2024년 상반기 재정지출**
- 전년동기대비 **10.1% 증가**하였습니다. 이는 추경 편성과 공공부문 신속집행(집행률 63.3%)에 따른 결과입니다.

**2024년 하반기 및 2025년 전망**
- **하반기**: 견조한 세입흐름이 이어지며 높은 증가세를 보일 것으로 예상됩니다.
- **2025년**: 정부의 예산안 편성 방향(총지출 800조원 + α)을 감안할 때, 금년보다 재정지출 증가세가 **확대될 전망**입니다.

이는 견고한 세수 기반(6월누계 국세수입 진도율 53.7%)과 정부의 적극적인 재정운용 기조가 지속될 것으로 예상되기 때문입니다.","대내여건
1-5. 중앙정부 통합재정지출은 견조한 세입흐름과 정부의 적극적인 재정운용으로
높은 증가세를 이어갈 전망이다. 금년 상반기 재정지출은 추경 편성      공공
                                    일 국회확정 ,
부문 신속집행 등으로 전년동기대비       증가하였다 하반기 재정지출도 견조한
                                                                                                      4.10    (              )
                    5)
                                                         10.1%                      .
세입흐름 이 이어지며 높은 증가세를 보일 것으로 예상된다 내년은 정부의 예산안
               6)
                                                                                                .
편성 방향총지출 조원 을 감안할 때 금년보다 재정지출 증가세가 확대될 전망이다
                     800    +    α                                                                                                    .
중앙정부 재정지출, 높은 증가세 전망                                         2/4분기 재정지출 큰 폭 증가
         [그림 1.7] 통합재정지출 규모 및 증가율                                       [그림 1.8] 분기별 통합재정지출 추이
             (조원)                              (%)                      (전년동기대비, %)                 (전년동기대비, %)
  800                                                20           40                                                             40
                     5월 전망(규모, 좌축)
                     8월 전망(규모, 좌축)                                        통합재정지출
                                                                  30                                         31.3                30
                     8월 전망(전년대비, 우축)                                                                                      20.7
  700                                                10
                                                                  20                                                             20
                                                                                                       12.8
                                                                  10                                                             10
  600                                                0                                                              1.1
                                                                   0                                                             0
                                                                  -10                                        -4.5                -10
  500                                                -10
                                                                  -20                                                            -20
  400                                                -20          -30                                                            -30
                                           e    e
      21 22  23 24                   25   26   27                23.1/4 3/4 24.1/4 3/4 25.1/4 3/4 26.1/4
자료: 기획예산처, 한국은행                                              자료: 기획예산처
1-6.         수도권 주택매매가격은 수급불안 우려 등으로 중저가 주택 중심의 오름세가
이어지겠으나 정부정책이 하방요인으로 작용할 전망이다.   서울 주택가격은 신규주택
공급감소 전월세가격 상승에 따른 매매전환 등으로 월 이후 중저가 지역을 중심으
               ,                                                            4
로 오름폭이 커졌으며 서울을 제외한 수도권의 경우 월 들어 주요 기업 접근성이
                                 ,                                          6                        IT
양호한 경기 일부 지역에서 가격 오름세가 크게 두드러졌다 이에 정부는 규제지역 지                                           .
정 일 보유세 강화 일 및 신속공급 방안 일 등 부동산 대책을 연이어 발표하였다
         ,                                                                                                                                .7)
향후 수도권 주택매매가격은 수급불안 우려에 따른 가격상승 기대 등으로 중저가
  6.30                     8.3                             8.13
아파트에 대한 실수요가 지속되며 상승흐름을 이어가겠으나 정부의 시장안정화를 위                                                 ,
한 정책 기조가 하방압력으로 작용할 것으로 예상된다 비수도권의 경우에는 수급여                                     .
건 정주환경 등에 따라 가격흐름이 지역별로 차별화될 것으로 전망된다
  ,                                                                                                          .
5) 공공부문 신속집행 실적은 416.6조원(집행률 63.3%)으로 상반기 목표 395.8조원(집행률 60.2%)을 초과달성하
   였다(기획예산처 보도자료, 7.8일).
6) ► 6월누계 국세수입 진도율(%): 25년 50.8 → 26년 53.7(최근 5년 평균 52.1)
7) 정부의 부동산 대책 발표 이후 수도권 지역 주간 아파트매매가격은 오름폭이 다소 둔화되었다(수도권 7월 1주
   0.22% → 8월 3주 0.15%, 서울 0.30% → 0.22%, 경기 0.23% → 0.15%).
                                                                                                                                           9|아파트 매매가격, 서울 등 수도권 오름세 지속          주택가격 상승 기대, 4월 반등 후 증가흐름
     [그림 1.9] 월간 주택 매매가격지수 1)      [그림 1.10] 주택가격전망CSI와 주택매매시장심리지수
  주: 1) 월간동향 기준                    자료: 한국은행, 국토연구원
 자료: 한국부동산원
                        분기중 명목임금 상승률 은 분기
1-7. 명목임금은 오름세가 확대될 전망이다. 2/4                                        1/4
에 비해 축소되었다 이는 정액급여가 건설업 석유화학 등의 부진으로 낮은 오름세
                                                             +2.1%
                  .                   ,
를 지속하는 가운데 특별급여가 중동전쟁의 영향으로 운수업 등을 중심으로 상승
                  ,
폭이 축소된 데 주로 기인한다 향후 명목임금은 부문을 중심으로 오름세가 확대
                           .              IT
될 전망이다 특히 주요 대기업의 실적이 예상보다 호조를 보임에 따라 특별급여
         .            IT
상승폭이 당초 예상보다 커질 것으로 보인다 다만 건설업 등 비 부문 회복 지연
                                     .                  IT
은 하방요인으로 작용하고 있다               .
4~5월 명목임금 상승률, 특별급여 감소로 상승세 둔화     주요 IT 대기업 성과급 지급 규모는 확대될 전망
      [그림 1.11] 명목임금 상승률 기여도       [그림 1.12]삼성전자 및 SK하이닉스 영업이익 전망 분포1)2)
 주: 1) 26년 영업이익에 대한 국내 25개 증권사 전망 기준, 가로선은 중앙값 및 1·3사분위값
    2) 26.5월은 5.28일, 26.8월은 8.13일 기준
자료: 고용노동부, FnGuide
10",
2026년 후반과 2027년 초중반의 반도체 수출량 증가 가정을 뒷받침하는 지속적인 글로벌 인프라 투자와 생산 능력 증가가 어떻게 작용하는가?,,"# 반도체 수출량 증가 메커니즘

**글로벌 인프라 투자의 역할:**
글로벌 인프라 투자가 지속적으로 확대됨에 따라 반도체 수출이 견조한 증가세를 이어갈 전망입니다. 특히 AI 확산에 따른 인프라 투자 지속으로 글로벌 반도체 경기가 기조적인 확장세를 유지할 것으로 예상됩니다.

**생산능력 증가의 영향:**
다만 생산능력이 점진적으로 늘어나면서 수출물량 증가율은 완만히 둔화될 것으로 예상됩니다. 이에 따라 반도체 수출물량 증가율은 2026년 10%대 후반에서 2027년 10%대 초중반 수준으로 전제되었습니다.

**결론:**
견조한 반도체 수요(글로벌 인프라 투자)가 지속되는 가운데 생산능력은 점진적으로 증대되어, 수출 물량은 증가하되 증가율은 점진적으로 둔화되는 구조입니다.","전망의 핵심 전제
         글로벌 인프라 투자가 지속적으로 확대됨에 따라 반도체 수출이
▢ [반도체 경기]
  견조한 증가세를 이어갈 전망이다 다만 생산능력이 점진적으로 늘어나면서 수출
                                               AI
  물량 증가율은 완만히 둔화될 것으로 예상된다
                                                                          .              ,
                                                                                                        .
 ⇒ 반도체 수출물량 증가율은 금년중 10%대 후반에서 내년중 10%대 초중반 수준으로 전제하
   였으며, 이는 5월 전제 대비 다소 상향조정된 수준이다.
▢ [중동상황]   미 이란 간 협상과 관련한 불확실성은 지속되겠으나 하반기중 호르무즈
                              ·
      해협 통항이 일부 재개되고 우회경로 중동 국가를 통한 원유공급도 확대되면서
                                                                                                                                        ,
                                                                                    ·非
      공급망 차질은 다소 완화되는 것으로 가정하였다                                                                              .
 ⇒ 국제유가 브렌트유 는 하반기중 84달러 (26년 평균 86달러 ), 내년중 74달러 수준으로 낮아지는
   것으로 전제하였다. 이는 5월 전제를 상당폭 하회하는 수준이다.
▢ [美관세정책]   미국은 임시관세가 만료된 월말 일 이후 대체관세강제노동관세를 부과
      하고 있으며 향후 과잉생산 관련 추가 관세도 부과 하는 것으로 전제하였다
                                                                                             7        7.24
                                                                                                                  *                                                 **
                              ,                                                                                                                                          .
          과잉생산 관련 조사는  분기중 발표 예상
          반도체 관세는 내년 분기부터 부과 되는 것으로 가정
      *                                            26.4/4
  **                                          1/4                             (15%)
 ⇒ 對한국 관세율은 현 수준(강제노동 12.5%, 자동차 15%, 철강 50% 등)에서 유지되다가 4/4분기중
   과잉생산 관련 추가 관세가 부과되면서 상호관세 무효 판결 2.20일 前 수준으로 복귀하는
   것으로 전제하였다. 이는 5월 전제와 대체로 유사하다.
                                                                               주요 전제
                              ▪견조한 반도체 수요가 지속되는 가운데 생산능력은 점진적으로 증대
   반도체 경기
                              ▪반도체 수출물량 증가율: 26년 10%대 후반, 27년 10%대 초중반
                              ▪미 이란 간 협상 불확실성이 지속되는 가운데, 하반기중 호르무즈 통항 일부 재개와 우회 경로를
                                   ·
   중동상황                       통한 원유공급으로 공급망 차질은 다소 완화
                              ▪브렌트유가: 금년중 86달러(하반기중 84달러), 내년중 74달러
                              ▪강제노동관세 부과중, 4/4분기중 과잉생산 관련 추가 관세 및 내년 1/4분기 반도체 관세 부과 전제
                              ▪對한국 관세: [現수준] 강제노동 12.5%, 자동차 15%, 철강 알루미늄 구리 50%                                             ·               ·
   美관세정책
                                       [향후] 의약품 15%(26.9.29일 부과 예정), 과잉생산 관세(26.4/4분기중 부과 전제),
                                            반도체15%(27.1/4분기부터 부과 전제)
       반도체 수출물량지수 추이                                                    국제유가(브렌트유) 전제                                            미국의 對한국 관세율 전제1)
       (전년동기대비, %)                (전년동기대비, %)                     (달러/배럴)                             (달러/배럴)                    (%)                                 (%)
 50                                                 50      110                                                   110   25                                                   25
                                                                                                      브렌트유가
 40                    25년: 16%                     40      100                                  95               100   20                                                   20
                                                                                                                                            8월 기본
                                                                                                                                                                5월 기본
 30          24년: 9%                                30       90                                                   90
                                                                   83                    88            83               15                                                   15
 20                                                 20                   76                                  77
                                                             80                                  84               80
                                                                               71                                       10                                                   10
 10                                                 10       70                     66                 76         70
                                                                                                             72
 0                                                  0                                                                    5                                                   5
                                                             60                                                   60
-10                                                 -10           24.상 하 25.상 하 26.상 하 27.상 하                            0                                                   0
      24.1      7      25.1   7        26.1    7                        26.8월 기본         26.5월 기본       실적치                   1
                                                                                                                             25.125.1   7      1
                                                                                                                                              26.1   7   27.1
                                                                                                                                                          1     7
자료: 한국은행                                                    자료: Bloomberg, 조사국                                          주: 1) 2024년 미국 수입규모 기준|경제전망 요약
    ▢ 금년 국내경제는 중동상황의 불확실성 지속에도 반도체 경기 호황과 그에 따른 파급
     효과 확산으로 3.3%5월 전망대비 +0.7%p의 높은 성장세를 나타낼 전망이다.
    ▢ 소비자물가는 비용충격의 전이가 지속되고 수요압력도 점차 확대됨에 따라 2.7%5월
     전망 부합     상승할 것으로 예상된다.
               (%, %p)                  2025                   2026e)                        2027e)
          GDP 성장률                      1.1                3.3 (+0.7 )                     2.9 (+0.8 )
          소비자물가 상승률                    2.1                2.7 ( ― )                       2.3 ( ― )
          - 근원물가                        1.9                2.5 (+0.1 )                     2.5 (+0.2 )
         주: ( )내는 26.5월 전망 대비 변화
6
    대내외 여건
▢ 세계경제*는 중동지역에 대한 불확실성이 지속되고 있으나 견조한 AI 투자, 교역 확대
     등에 힘입어 완만한 성장세를 이어갈 전망이다.
     *   미국은 투자 호조와 양호한 소비로 대 초반 유로지역은 제조업 업황 부진에도 주요국
               AI                                    2%           ,
         재정확대 등으로 내외 중국은 수출호조에도 내수부진이 심화되며 대 중반의 성장 예상
                         1%        ,                                                       4%
    § 세계교역 은 중동전쟁에 따른 공급망 차질이 점차 완화되는 가운데 인프라 투자                                                   AI
      관련 교역 호조 등으로 양호한 증가세가 예상된다                                          .
    § 국제유가    는 우회경로 중동 국가들을 통한 원유공급 증가 호르무즈 통항량
                                        ·非                                                    ,
      의 일부 회복 등으로 점차 하락하겠으나 미 이란 간 협상 진행 상황에 따라 변동
                브렌트유
                                                           ,      ·
      성이 확대될 가능성이 있다                        .
    § 글로벌 반도체 경기 는   확산에이전틱 등과 관련 인프라 투자 지속으로 기조적인
                                       AI
      확장세를 이어가겠으나 수익성 우려 등에 따른 투자 속도 조정 가능성은 리스크
                                   ,
      요인이다      .
▢ 대내여건을 보면, 증시 조정에도 불구하고 경제심리는 양호한 수준을 유지*하고 있으며,
  소득여건 개선, 확장재정 기조 등으로 앞으로도 양호한 내수여건이 지속될 것으로
  판단된다.
         *   소비자심리지수     : 26.4월        99.2    → 월
                                                 5    106.1      → 월  6       106.6   → 월
                                                                                       7        106.8    → 월
                                                                                                          8    104.5
             경제심리지수            월
                          : 26.4        91.7    → 월
                                                 5        97.5   → 월  6        96.8   → 월
                                                                                       7          97.9   → 월
                                                                                                          8    99.4
                                                 < 요약 1 / 9 >",
2026-2027년 유가 하향 조정을 정당화하는 공급망 개선과 중동 이외 생산자들의 역할은 무엇인가?,,"# 2026-2027년 유가 하향 조정의 공급망 개선 요인

보고서에 따르면 2026-2027년 유가를 각각 $7, $6 하향조정한 주요 근거는 다음과 같습니다.

**공급망 개선 요인:**
- **우회경로 확대**: 미·이란 협상 관련 불확실성 속에서도 우회수출 경로를 통한 원유 공급이 점차 확대되고 있습니다.
- **호르무즈 통항 재개**: 호르무즈 통항도 일부 재개되면서 글로벌 원유 공급망이 재편되고 있습니다.

**非중동 국가들의 역할:**
- **非중동 국가 원유공급 증가**: 중동 이외 국가들을 통한 원유공급 확대로 공급망 차질이 완화되고 있습니다.
- **중동 산유국 생산 증가**: 중동 산유국들의 생산 증가도 글로벌 공급 확대에 기여하고 있습니다.

다만 주요국의 원유 재비축 수요가 점차 가시화됨에 따라 유가 하락 속도는 **완만할 것으로 예상**되며, 미·이란 협상 전개양상에 따른 유가경로의 불확실성도 **큰 상황**입니다.","1-3. 국제유가 브렌트유는 미·이란 협상 관련 불확실성이 높은 상황이지만, 우회경로 및
非중동 국가들을 통한 원유공급 등으로 공급망 차질이 완화되면서 점차 하락할 전망이다.
국제유가는 월중 미 이란 간 종전    체결로 큰 폭 하락하였으나 월 이후 협상
                               ·
관련 불확실성이 크게 확대되면서 최근 달러대의 높은 수준까지 상승했다 향후 국
               6                                MOU                                                   , 7
제유가는 우회수출 및 중동 산유국 생산 증가 등으로 글로벌 원유 공급망이 재편되
                                                      90                                                           .
                                   非
고 호르무즈 통항도 일부 재개되면서 하락세를 나타낼 전망이다 다만 유가의 하락
속도는 주요국의 원유 재비축 수요가 점차 가시화됨에 따라 완만할 것으로 예상되며
  ,                                                                                             .
미 이란 협상 전개양상에 따른 유가경로의 불확실성도 큰 상황이다.
                                                                                                                                  ,
  ·
국제유가, 미·이란 협상 관련 불확실성 확대로 최근
                                                           글로벌 원유공급, 점차 확대 예상
90달러대 수준
                   [그림 1.3] 국제유가                                     [그림 1.4] 글로벌 원유수급 전망 1)
                                                                    (백만배럴/일)                               (백만배럴/일)
                                                            120                                                             120
                                                                     <美 EIA>              <IEA>            <OEF>
                                                            115                                                             115
                                                                     공급    수요
                                                            110                                                             110
                                                            105                                                             105
                                                            100                                                             100
                                                               95                                                           95
                                                               90                                                           90
                                                                 25년25 26
                                                                     26년       2526년
                                                                           2725년
                                                                         27년           2725년25
                                                                                   2627년     26년26 27
                                                                                                 27년
자료: Bloomberg, 한국석유공사                                       주: 1) 美EIA, IEA, OEF 반기별 실적·전망 기준
                                                           자료: 각 기관
1-4. 글로벌 반도체 경기는 AI 확산과 관련 인프라 투자 지속으로 기조적인 확장세를
이어가겠으나, 수익성 우려 등에 따른 투자속도 조정 가능성은 리스크 요인이다.글로벌
반도체 매출은 분기중 서버용 메모리를 중심으로 가파른 증가세를 이어갔다
  분기 들어 투자 수익성에 대한 우려가 커졌으나 주요 빅테크들이 양호한 클라우드
                    2/4                AI                                                                                         .
실적을 바탕으로 관련 투자 계획을 상향 조정하는 등 전반적인 수요 여건은 견조한 상황
3/4                AI                                                      ,
이다 앞으로도 확산과 더불어 반도체 수요가 꾸준히 늘어나는 데 비해 공급은 생산
설비 증설 시차 등으로 빠르게 확대되기 어려운 점을 감안할 때 글로벌 반도체 경기는
      .             AI
기조적인 확장세를 이어갈 것으로 전망된다 다만 수익성과 확산 속도 자금조달
                                                                                           ,
여건 변화 등에 따라 관련 투자가 가속화되거나 조정될 리스크는 큰 것으로 판단된다
                                                           .          ,                   AI                  ,
                                                                                                                                  .
글로벌 반도체 매출 가파른 증가세                                         美 빅테크 AI 인프라 투자 계획 상향 조정
[그림 1.5] 글로벌 반도체 매출 증가율 및 계약가격 1)                                     [그림 1.6] 美 빅테크 CAPEX 전망
          (전년동기대비, %)                          (달러)                  (십억달러)                         (십억달러)
175                                                   70 1,200                                                          1,200
             글로벌 반도체 매출(좌축)                                                                    +40% 1114
150                                                   60 1,000                                                          1,000
             D램가격(우축)
125                                                   50                                       796
             NAND가격(우축)                                     800                     +93%                                800
100                                                   40
                                                            600                                                         600
 75                                                   30                       +72% 412
                                                            400                                                         400
 50                                                   20                  239                                     1)
                                                                                                      8월 전망
 25                                                   10    200                                                         200
                                                                                                      5월 전망
  0                                                   0         0                                                       0
                                                                                                      e)           e)
      24.1              25.1            26.1      7                       2024      2025       2026        2027
 주: 1) D램은 DDR5 16Gb, NAND는 MLC 128Gb 기준  주: 1) 8.13일 기준
자료: WSTS, DRAMeXchange                   자료: Bloomberg
                                                                                                                                  7|Box 3           전망의 주요 전제 조정내역
    ▶ 세계경제 성장률(%): 25년 3.5 → 26년 3.0(0.1↑) → 27년 3.2(0.1↑)
     ▪ 세계경제는 AI관련 투자 및 교역 호조 에너지 공급망 차질 완화 등을 반영하여 년과
        년 성장률을 각각     상향조정하였다
                                                                ,                                             26
         27                         0.1%p                              .
     ▪ 미국은 견조한   투자 흐름 양호한 소비 등을 반영하여 년과 년을 각각                                                                 0.1%p
       상향조정하였다 유로지역은 년 년 전망을 유지하였다 중국은 수출호조에도 불구
                           AI                 ,                                            26   27
       하고 내수부진이 이어짐에 따라 년을      하향조정하고 년은 유지하였다
                           .                  26       ,   27                          .
                                                      26            0.1%p                  27             .
    ▶ 세계교역 신장률(%): 25년 5.0 → 26년 4.2(1.4↑) → 27년 4.0(0.8↑)
     ▪ AI     인프라 투자 관련 교역 호조 등으로 년 년을 각각                       26    , 27           1.4%p, 0.8%p   상향조정하였다           .
    ▶ 국제유가(브렌트유, $/배럴): 25년 68 → 26년 86(7↓) → 27년 74(6↓)
     ▪   우회경로, 非중동 국가들의 원유공급 증가 등에 따른 공급망 차질 완화를 반영하여 년과
          년 각각    하향조정하였다
                                                                                                               26
         27           $7, $6                      .
                                                      <대외여건 전제 1)>
                          2025                             2026                                 2027e)
              (%)
                                       상반2)                하반e)              연간e)     상반         하반           연간
                           3.5          3.0                 3.0               3.0     3.1        3.2           3.2
    세계경제3)
                                                                             [2.9]                            [3.1]
                           2.1          2.4                 1.9               2.2      2.3          2.0        2.1
     • 미 국
                                                                             [2.1]                            [2.0]
                           1.2          0.7                 0.9               0.8      1.1          1.2        1.2
     • 유 로
                                                                             [0.8]                            [1.2]
                           5.0          4.7                 4.5               4.5      4.3          4.4        4.3
     • 중 국
                                                                             [4.6]                            [4.3]
                           5.0          4.9                 3.4               4.2      3.7          4.3        4.0
    세계교역3)
                                                                             [2.8]                            [3.2]
                               68       88                  84                86       76           72         74
    국제유가4)
                                                                             [93]                             [80]
     주: 1) [ ]내는 26.5월 전망치     2) 세계경제, 세계교역은 전망치
        3) 전년동기대비              4) 브렌트유 기준, $/배럴, 기간 평균 기준
    자료: 각국 통계청, Bloomberg, 조사국
8",
"2026-2027년 중동 교착 상황이 지속될 경우 브렌트유 가격, GDP 성장률, 인플레이션이 기준 전망 대비 어떻게 변할 것으로 예상되는가?",,"# 중동 교착 장기화 시나리오 영향 분석

중동 교착 상황이 지속될 경우 다음과 같은 변화가 예상됩니다:

**브렌트유 가격:**
- 2026년: $91/배럴 (기본전망 $86 대비 $5 상승)
- 2027년: $85/배럴 (기본전망 $74 대비 $11 상승)

**GDP 성장률:**
- 2026년: -0.1%p 하락
- 2027년: -0.3%p 하락

**소비자물가 상승률:**
- 2026년: +0.1%p 상승
- 2027년: +0.4%p 상승

미·이란 간 협상이 교착상태를 지속하면서 호르무즈 통항 회복이 지연되고 우회경로 공급에 차질이 생겨 유가가 상승하는 반면, 이는 국내 성장을 억제하고 물가 상승 압력을 높이는 것으로 전제되었습니다.","중동상황 조기 진정낙관 vs. 교착상태 장기화비관
3-5. 중동전쟁의 경우 7월 이후 군사적 긴장이 다시 고조되면서 향후 전개상황에 대
한 불확실성이 높아졌다.  미 이란 간 협상과 관련한 불확실성은 당분간 지속되겠으나
                ·
하반기중 호르무즈 해협 통항이 일부 재개되고 우회경로 중동 국가를 통한 원유공급                                                       ·非
도 확대되면서 공급망 차질은 다소 완화될 것으로 예상된다 이에 따라 기본 시나리오                                                                   .
에서는 국제유가브렌트유가 하반기중 달러 년 평균 달러 내년중 달러 수준으로 완                  84                                        ),                   74
만히 낮아질 것으로 전제하였다
                                                                      (26                86
                                                    .
◈ 조기 진정 시나리오 에서는 미 이란 간 협상이         분기중 진전되면서 군사적 긴장이   ·
  완화되고 호르무즈 통항이 빠르게 회복되는 상황을 가정하였다 이에 따라
                                                                                       3/4
  국제유가가 하반기중 달러 년 평균 달러 에서 내년중 달러 수준으로 하락하는
                                                                                                                                          .
  것으로 전제하였다 이 경우 국내 성장률은 기본전망 대비 올해 +0.1%p, 내년 +0.2%p
                                          76        (26                   82       )                                63
  높아지고 물가상승률은 올해 -0.1%p, 내년 -0.3%p 낮아질 것으로 추정된다
                                 .
                  ,                                                                                                                       .
◈ 교착 장기화 시나리오      에서는 미 이란 간 협상이 교착상태를 지속하다 내년중 점차          ·
     진전되는 한편 금년중 역내 군사적 긴장도가 높아지는 상황을 가정하였다 이 경우
     연내 호르무즈 통항 회복이 지연되고 우회경로를 통한 공급에도 일부 차질이
                           ,                                                                                                                           .
     생기면서 국제유가가 하반기중 달러 년 평균 달러 까지 상승하겠으나 내년에는
     협상이 진전되며 달러 수준으로 낮아질 것으로 전제하였다 국내 성장률은
                                                            95        (26                91            )                                           ,
     기본전망 대비 올해 -0.1%p, 내년 -0.3%p 낮아지고 물가상승률은 올해 +0.1%p,
                                     85                                                                                          .
     내년 +0.4%p 높아질 것으로 추정된다
                                                                                                   ,
                                                                      .
               [그림 3.6] 호르무즈 통과·우회 물량 1)                                                     [그림 3.7] 국제유가 브렌트유 전제
          (백만배럴, 주간평균)                    (백만배럴, 주간평균)                                 (달러/배럴)                                            (달러/배럴)
     30                                                               30        110                                                                              110
                               호르무즈 통과물량                                                     26.8월 기본                    조기 진정            교착 장기화
     25                        호르무즈 외 통과물량                            25                                                         95
                                                                                                                           88                 91
     20                                                               20         90     83                                           84                          90
     15                                                               15                      76                                              76            78
                                                                                                           71
                                                                                                                    66               76
     10                                                               10         70                                                                        72    70
      5                                                               5                                                                       64           62
      0                                                               0          50                                                                              50
          1월    2월    3월   4월        5월        6월   7월           8월                    24.상   하        25.상          하    26.상       하    27.상             하
     주: 1) 중동국가 기준, 자료: Kpler                                                  자료: Bloomberg
                                           [표 3.1] 중동상황 시나리오별 주요 전제
                                     기본 전망                                      조기 진정                                         교착 장기화
                                2026년e)  2027년e)                           2026년e)  2027년e)                               2026년e)  2027년e)
     ▶브렌트유가                          $86                    $74                 $82                $63                      $91                            $85
                      1)
     ▶ 세계성장률                     3.0%                   3.2%               0.1%p↑             0.2%p↑                      0.1%p↓                   0.2%p↓
      주: 1) 세계성장률의 낙관, 비관 전제는 기본 전망 대비 변동폭
28|[표 3.2] 시나리오별 성장·물가 전망 1)
           GDP 성장률                               소비자물가 상승률
 (%, %p)   2025   2026e)    2027e)     (%, %p)     2025   2026e)   2027e)
 기본 전망      1.1      3.3     2.9      기본 전망        2.1     2.7      2.3
반도체 경기 (낙관)       +0.2      +0.6     반도체 경기 (낙관)          +0.0     +0.2
반도체 경기 (비관)          -0.1   -0.4     반도체 경기 (비관)          -0.0     -0.1
중동상황 (조기 진정)      +0.1      +0.2     중동상황 (조기 진정)         -0.1     -0.3
중동상황 (교착 장기화)        -0.1   -0.3     중동상황 (교착 장기화)        +0.1     +0.4
주: 1) 두 충격이 동시에 발생할 경우에는 금융여건, 소비심리 및 기업 투자 등을 통한 상호작용으로 파급효과가 개별
      충격의 단순 합산보다 확대될 수 있음
                                                                            29",
반도체 사이클 변동성과 지정학적 긴장이 2026-2027년 GDP 궤적과 수출 경쟁력에 어떻게 차별적으로 영향을 미칠 것으로 전망되는가?,,"# 반도체 사이클 및 지정학적 긴장의 GDP·수출 영향 전망

## GDP 성장률에 미치는 영향

**반도체 경기 변동성:**
- 낙관 시나리오: 2026년 +0.6%p, 2027년 +0.2%p 상향
- 비관 시나리오: 2026년 -0.4%p, 2027년 -0.1%p 하향
- 반도체 경기가 2026년에 GDP 궤적에 더 큰 영향(±0.6%p vs ±0.4%p)

**중동상황 영향:**
- 조기 진정: 2026년 +0.2%p, 2027년 +0.1%p
- 교착 장기화: 2026년 -0.3%p, 2027년 -0.1%p
- 중동 요인은 반도체보다 상대적으로 제한적 영향

## 수출 경쟁력에 미치는 영향

기본 전망 기준 **재화수출 성장률**:
- 2026년: 9.7% (전년 3.3% 대비 대폭 상향)
- 2027년: 4.6% (정상화 수준)

반도체 경기 호조 시 설비투자 확대(2026년 +2.4%p)로 수출 경쟁력 강화, 중동 긴장 장기화 시 유가 상승(+0.4%p 물가 압력)으로 수출 가격경쟁력 약화 예상.

**주: 두 충격이 동시 발생 시 금융여건·소비심리 등을 통한 상호작용으로 파급효과가 개별 충격 합산보다 확대될 수 있음**","<시나리오별 성장·물가 전망 1)>
           GDP 성장률                                 소비자물가 상승률
 (%, %p)    2025   2026e)   2027e)       (%, %p)     2025   2026e)   2027e)
기본 전망       1.1      3.3     2.9        기본 전망         2.1    2.7      2.3
반도체 경기 (낙관)        +0.2     +0.6       반도체 경기 (낙관)          +0.0     +0.2
반도체 경기 (비관)        -0.1     -0.4       반도체 경기 (비관)          -0.0     -0.1
중동상황 (조기 진정)       +0.1     +0.2       중동상황 (조기 진정)         -0.1     -0.3
중동상황 (교착 장기화)      -0.1     -0.3       중동상황 (교착 장기화)        +0.1     +0.4
주: 1) 두 충격이 동시에 발생할 경우에는 금융여건, 소비심리 및 기업 투자 등을 통한 상호작용으로 파급효과가
      개별 충격의 단순 합산보다 확대될 수 있음
                              < 요약 8 / 9 >|경제전망 요약표(2026.8월)
                     2025                2026                             2027e)
                     연간       상반1) 하반e)          연간e)2)        상반      하반           연간2)
<전망의 주요 전제>
세계경제 성장률(%)3)          3.5      3.0     3.0     3.0 [+0.1]      3.1      3.2       3.2 [+0.1]
 • 미국                  2.1      2.4     1.9     2.2 [+0.1]      2.3      2.0       2.1 [+0.1]
 • 유로지역                1.2      0.7     0.9     0.8 [ - ]       1.1      1.2       1.2 [ - ]
 • 중국                  5.0      4.7     4.5     4.5 [-0.1]      4.3      4.4       4.3 [ - ]
 • 일본                  1.2      0.6     0.9     0.7 [+0.2]      0.3      1.3       0.8 [+0.1]
세계교역 신장률(%)3)          5.0      4.9     3.4     4.2 [+1.4]      3.7      4.3       4.0 [+0.8]
브렌트유가(달러/배럴)4)          68      88      84      86 [-7]          76      72        74 [-6]
<국내경제 전망>
GDP 성장률(%)3)           1.1      3.8     3.0     3.3 [+0.7]      2.5      3.2       2.9 [+0.8]
 • 민간소비                1.5      2.6     1.7     2.1 [+0.1]      2.0      2.5       2.3 [+0.2]
 • 건설투자               -9.7     -1.5     1.8     0.2 [-0.4]      2.6      1.3       1.9 [+0.4]
 • 설비투자                1.5      5.4     8.3     6.8 [+2.4]      4.7      4.7       4.7 [+2.0]
 • 지식재산생산물투자           3.0      3.7     3.7     3.7 [+0.2]      3.0      3.4       3.2 [+0.2]
 • 재화수출                3.3     10.8     8.7     9.7 [+4.8]      4.8      4.5       4.6 [+1.3]
 • 재화수입                1.9      9.7     9.9     9.8 [+6.8]      5.3      4.0       4.6 [+1.1]
소비자물가 상승률(%)3)         2.1      2.5     2.8     2.7 [ - ]       2.3      2.2       2.3 [ - ]
 • 근원물가5)              1.9      2.3     2.8     2.5 [+0.1]      2.6      2.4       2.5 [+0.2]
경상수지(억달러)            1,231    1,910   2,590   4,500 [+2,000] 2,375     1,925   4,300 [+2,400]
 • 상품수지              1,381    1,938   2,733   4,672 [+2,000]   2,529   2,059   4,589 [+2,434]
 • 서비스수지              -345    -118    -252    -370 [-14]       -216    -255    -471 [-38]
 • 본원·이전소득수지           195      89     108      198 [+14]        62     121     183 [+6]
취업자수 증감(만명)3)6)         19      11      18      14 [-4]          23      17        20 [+3]
        6)
실업률(%)                 2.8      3.2     2.6     2.9 [+0.1]      3.1      2.6       2.8 [ - ]
        6)
고용률(%)                62.9     62.5    63.2   62.9 [-0.1]      62.8    63.3     63.0 [-0.1]
 주: 1) 세계경제, 세계교역은 전망치        2) [ ]내는 26.5월 전망 대비 변화               3) 전년동기대비 기준
    4) 근월물 기간 평균 기준           5) 식료품·에너지 제외 기준                      6) 15세 이상 기준
자료: 한국은행, 각국 통계청, Bloomberg
                                  < 요약 9 / 9 >",
"Q2 이후 가계 주식평가 이익이 어떻게 변화했으며, 소비 영향이 제한적인 이유를 설명하는 세 가지 요인은 무엇인가요? 또한 가계가 어떻게 수익 포지션을 유지하고 있나요?",,"# 답변

## Q2 이후 가계 주식평가 이익 변화

2/4분기에 가계 국내주식 평가이익이 1천조원에 이르렀으나, 이후 주가 조정에 따른 평가손실이 발생했습니다. 그럼에도 불구하고 **가계 전체적으로는 여전히 이익 구간에 있습니다.**

## 소비 영향이 제한적인 세 가지 요인

**첫째, 경기 확장 국면**: 금번 주가 조정이 경기 확장 국면에서 나타났으며, 과거 사례에 따르면 경기 확장기에는 증시 조정의 실물경제 영향이 상대적으로 작게 나타납니다. 양호한 소비심리와 소득 등 여타 소비 여건이 주가 하락의 부정적 영향을 완충하고 있습니다.

**둘째, 높은 주가 수준 유지**: 주가 급락 이후에도 지난해 대비 여전히 높은 주가 수준이 유지되고 있어, 평가손실이 발생했음에도 가계가 이익 구간에 있어 부정적 영향을 일부 상쇄합니다.

**셋째, 주가의 등락 반복**: 향후 반도체 경기 지속가능성에 대한 기대가 엇갈리며 주가가 등락을 거듭하는 상황에서, 가계가 최근 주가 조정을 항구적 소득 변화로 인식하지 않아 소비 행태 변화가 제한적입니다.","이처럼 주가 하락의 소비 영향이 아직 제한적으로 나타난 배경은 크게 세 가지로 생각해
볼 수 있다. 첫째, 금번 주가 조정이 경기 확장 국면에서 나타났다는 점이다. 과거 사례를 보
면, 증시 조정 당시의 경기 국면에 따라 소비 영향에 상당한 차이를 보이는데, 경기 확장기
에는 증시 조정의 실물경제에 대한 영향이 상대적으로 작게 나타난 바 있다.[그림3] 최근에는
전반적인 경기 확장세가 이어지면서 양호한 소비심리·소득 등 여타 소비 여건이 주가 하락
의 부정적 영향을 완충하고 있는 것으로 판단된다.
 둘째, 주가 급락 이후에도 지난해대비 여전히 높은 주가 수준이 유지되고 있는 점이다. 이
에 따라 주식 평가이익도 지난해부터 큰 폭 확대되었는데, 증시 조정 직전인 2/4분기에는 평
가이익이 1천조원에 이르렀을 것으로 추정1/4분기말대비 2/4분기말 기준된다.[그림 4] 이후 주가 조정에 따
른 평가손실 또한 상당했지만, 아직 가계 전체적으로는 이익 구간에 있어 주가 조정의 부정적
영향을 일부 상쇄하고 있는 것으로 평가된다.
 마지막으로, 주가가 급락 이후 하락과 반등을 거듭하고 있다는 점이다. 주식의 자산효과는 가계
가 평가손익을 항구적 소득의 증감으로 인식하는지 여부에 따라 달라질 수 있는데, 최근의 경우
향후 반도체 경기 지속가능성에 대한 기대가 엇갈리며 주가가 등락을 거듭하는 상황이다.[그림 5]
이로 인해 가계가 최근 주가 조정을 항상 소득의 변화로 인식하여 당장 소비 행태를 크게 바꾸
기보다는 관망하고 있을 가능성이 있다.
 다만 현재까지의 데이터만으로 증시 조정의 소비 영향을 예단할 수는 없다. 특히 주가가
최고점에 달했던 지난 2/4분기 중 가계의 주식 순매수가 집중된 데다, 청년・중저소득층 등 한계소
비성향이 높은 계층으로 주식 보유 저변이 확대된 점을 감안할 때 증시 조정 국면이 지속될 경우
시차를 두고 추가적인 소비 하방요인으로 작용할 가능성을 배제하기 어렵다.
[그림 3] 증시 조정 당시 경기 국면1)            [그림 4] 가계 분기별                       [그림 5] 코스피 수익률
     에 따른 누적 소비갭2)                  국내주식 평가이익 1)                           등락 정도1)
     (%p)                                                          (%p)
6                                                            250
                      경기 확장국면
4
                      경기 하강국면                                200
2
0                                                            150
-2                                                           100
-4
                                                              50
-6
-8                                                             0
     Q+0    +2   +4   +6   +8                                   25.1      4   7   10 26.1   4   7
 주: 1) “경기 하강국면”은 주가 하락 12 주: 1) 자금순환표의 “가계 국내주식       주: 1) 총변동 - 순변동
       개월 이내에 경기가 하강한 경우         당기말 보유액-당기 순매입”,            (          ,  는
                                                              ∈          ∈
    2) 소비갭은 직전 8분기 평균 증          26.2/4분기 이후는 KRX 개인투
                                                             일별 수익률, 최근 3개월 기준)
       가율대비 차이로 정의               자자 매매동향 활용 자체 추정
                                                      자료: 조사국 시산
자료: 조사국 추정                자료: 한국은행, 조사국 추정
                                                                                                    15|2-3.                                       건
                건설투자는 AI 관련 투자를 중심으로 완만한 개선 흐름을 나타낼 전망이다.
설투자는 분기중 중동전쟁에 따른 건설자재아스콘 등 수급차질 등으로 토목이 줄면
                    2/4
서 전기대비     감소하였다 향후 건설투자는 선행지표인 건축착공이 최근 반등
                          0.2%                           .
하고 반도체공장 데이터센터 등 관련 투자지출 수요가 지속 확대되는 점을 감안
       ,                       ,                              AI
할 때 개선흐름을 나타낼 전망이다 다만 공사비 및 시장금리 상승 누적된 비수도권                  .           ,             14)
                                                                                                                        ,
미분양 등의 영향으로 회복 속도는 완만할 것으로 예상된다 종합하면 건설투자는                                                                     .
금년과 내년에 각각       증가할 전망이다              0.2%,         1.9%                                 .
건설기성, 2/4분기중 주거용건물·토목 중심 감소                                                   건축착공, 금년 들어 주거용·공장 중심 증가 전환
                [그림 2.8] 부문별 건설기성 기여도                                                                  [그림 2.9] 유형별 건축착공
            (전년동기대비, %, %p)                 (전년동기대비, %, %p)                               (전년동기대비, %)   (전년동기대비, %)
      10                                                             10           40                                                    40
                                                                                            주거용    비주거용
       5                                                             5                      (공업용)  합계
                                                                                  20                                                    20
       0                                                             0
      -5                                                             -5
                                                                                   0                                                    0
     -10                                                             -10
                 주거용건물
     -15         비주거용건물                                              -15          -20                                                   -20
     -20         토목                                                  -20
                 건설기성
     -25                                                             -25          -40                                                   -40
           24.1/4
             24                    25.1/4
                                    25                    26 2/4
                                                       26.1/4                                     21     22   23   24       25    26
                                                                                                                                 26.1~6월
자료: 국가데이터처                                                                    자료: 국가데이터처
2-4.            설비투자는 반도체 기업 생산능력 확충이 가속화됨에 따라 큰 폭 증가할 전망이다.
설비투자는 분기중 반도체장비 등 기계류를 중심으로 높은 증가세를 이어갔다
                      2/4                                                                                                                     .
  분기 들어서도 기계류 수입액이 증가세를 지속하고 국산 기계류 내수출하도 개선 흐
3/4
름을 이어가는 등 견조한 증가세가 유지되고 있다 앞으로도 설비투자는 글로벌 수요                                                  .
확대 양호한 자금 사정 정부정책 등에 힘입어 반도체 기업의 투자가 빠르게 늘어남에
       ,                                    ,
따라 높은 증가세를 지속할 것으로 예상된다 다만 승용차 선박 등 운송장비가 감소 흐                                .                          ,
름을 나타내는 점은 설비투자 증가폭을 다소 제약하는 요인으로 평가된다 종합하면                                                                                      .
설비투자는 금년중     증가한 뒤 내년에도 의 높은 증가율을 기록할 전망이다
                                    6.8%                                          4.7%                                                        .
기계류 설비투자, 수입 중심의 양호한 증가세                                                      주요 반도체 기업 생산능력 확충 이어질 전망
                 [그림 2.10] 기계류 설비투자 1)                                        [그림 2.11] 주요 반도체 기업 국내 생산능력 전망 1)
           (S.A., 2020 = 100)                   (S.A., 2020 = 100)
     160                                                             160
                 기계류           국산           수입
     150                                                             150
     140                                                             140
     130                                                             130
     120                                                             120
     110                                                             110
     100                                                             100
      90                                                             90
           23             24                    25           26
      주: 1) 설비투자지수 기준                                                              주: 1) 월평균 웨이퍼 투입량 기준
     자료: 국가데이터처                                                                   자료: TrendForce(26.7월)
14) 건설공사비지수(전년동월대비, %): 26.2월 2.1 → 3월 2.6 → 4월 4.6 → 5월 5.2 → 6월 5.5
16",
2011년 1분기부터 2026년 1분기까지 높은 수요 압력 기간과 낮은 수요 압력 기간에서 소매판매 갭이 핵심 인플레이션에 미치는 영향의 추정 계수는 얼마인가?,,"소매판매 갭이 근원물가에 미치는 영향의 추정 계수는 다음과 같습니다.

**전체기간**: 0.01
**高수요압력기간**: 0.05
**低수요압력기간**: 0.04

이는 2011년 1분기부터 2026년 1분기까지의 추정 결과로, 수요압력이 높은 시기에 소매판매 갭의 근원물가 영향이 더 크게 나타나는 비대칭성을 보여줍니다.","참고 5       비대칭적 필립스곡선 추정방법
□ 수요압력이 경기민감물가 및 근원물가에 미치는 영향을 살펴보기 위해 필립스곡선을 추
  정하였고, 수요압력의 영향이 시기별로 비대칭적인 영향이 있는지를 살펴보았다.
 ㅇ 필립스곡선 추정 시 적응적 기대를 가정하여 과거 인플레이션과 수요 관련 갭을 설명
     변수로 넣었고, 통제변수로 원/달러 명목환율을 추가하였다. 비대칭성 효과를 검토하기
     위해 高수요압력기간의 갭(                
                     )과 低수요압력기간의 갭( )을 구분하여 추정하였다.
          (전체기간)                       ,
          (시기별 구분)              
                                                   ,
   단, 는 근원물가 또는 경기민감물가(전년동기대비), 는 GDP갭 또는 소매판매갭(HP필터),
    
      는
         max   (高수요압력기간),               
                                                는
                                                   min  (低수요압력기간), 는 원/달러
    환율상승률(전년동기대비), 는 상수항, 추정기간은 2001.1/4분기~2026.1/4분기(경기민감
    물가의 경우 2011.1/4분기~2026.1/4분기)
□ 강건성 검증을 위해 수요 관련 갭으로 소매판매갭을 활용하여 분석한 경우 GDP갭을 사
  용하였을 때와 유사하게 경기민감물가 및 근원물가에 대한 수요압력의 비대칭성이 존재
  하는 것으로 나타났다.
     수요압력(소매판매)의 경기민감물가 영향 1)                                 수요압력(소매판매)의 근원물가 영향1)
  0.4                                        0.4        0.4                              0.4
  0.3                                        0.3        0.3                              0.3
  0.2                                        0.2        0.2                              0.2
  0.1                                        0.1        0.1                              0.1
    0                                        0            0                              0
                                                                    0.04   0.05   0.01
  -0.1                                       -0.1      -0.1                              -0.1
            0.13       0.24       -0.01
  -0.2                                       -0.2      -0.2                              -0.2
          전체기간        高수요        低수요                           전체기간        高수요    低수요
 주: 1) 세로 막대선은 90% 신뢰구간을 의미                          주: 1) 세로 막대선은 90% 신뢰구간을 의미
자료: 저자 추정                                           자료: 저자 추정
                                                                                               47|참고 6        수요충격 식별과 동태적 물가반응 분석
 □ 수요충격이 근원물가에 미치는 영향을 분석하기 위해 1단계로 베이지안 VAR(BVAR) 모형을
      부호제약 방식으로 식별하여 수요충격을 추출하고, 2단계로 국소투영법을 활용하여 식별
      된 충격이 근원물가에 미치는 동태적 영향을 추정하였다.
     ㅇ (1단계) GDP갭, 소비자물가상승률(전기비연율), 콜금리로 구성된 BVAR(4) 모형을 통해 충
       격 발생 시점부터 2기까지 GDP갭, 인플레이션, 콜금리가 모두 상승하는 방향의 충격
         
       (
                )이 추출되도록 부호제약*을 설정하였고, 추정기간은 2001.1/4분기~2026.1/4분기이다.
       * 부호제약을 만족하는 1,000개의 draw를 채택
       ￭ 표본크기가 제한적인 상황에서 VAR을 flat prior로 베이지안 추정을 하면 충격반응함수가
         불안정해질 가능성이 있어 Banbura et al.(2010)의 Minnesota shrinkage prior를 활용
         하였다.
       ￭ Minnesota shrinkage prior는 dummy observation 기법으로 구현되었으며, 이에 따라
         사전분포와 사후분포 모두 Normal-Inverse-Wishart 분포로 도출하였다.
     ㅇ (2단계) Jordà(2005)의 국소투영법(Local Projection)을 활용하여 아래와 같은 회귀식을
       추정하였다.
                                                             
                                               
                           
                                                          ′ 
                                                            
                                                                            ,
                                   
                               
                                       
                                               ,    갭   콜금리 ′
     ㅇ (비대칭성) 수요압력이 높은 상황과 낮은 상황의 차이에 따른 물가 반응의 비대칭성을
        살펴보기 위해 아래와 같은 회귀식을 추정하였다.
                                                                                       
                                                                  
               
                                                
                                                                               ′ 
                                                                                      
                                                                                                   
       ￭ 수요압력 국면을 나타내는  는 4분기 이동평균 GDP갭이 0보다 큰 시기에 대해 1로,
         그 국면이 아닌 시기를 0으로 두었고,      로 정의하였다. 표준오차는
         Newey-West HAC 표준오차를 사용하였다.
48",